record_index,address,file_offset,opcode
0,0x00001123,0x00001163,0x73
0,0x00000F33,0x00000F73,0x73
1,0x000006A3,0x00008703,0x73
1,0x00006556,0x0000E5B6,0x73
1,0x00006621,0x0000E681,0x73
1,0x00000A77,0x00008AD7,0x73
1,0x0000C0FD,0x0001415D,0x73
1,0x000009D3,0x00008A33,0x73
1,0x00001C8B,0x00009CEB,0x73
1,0x00000A66,0x00008AC6,0x73
1,0x00005E6A,0x0000DECA,0x73
1,0x000050A9,0x0000D109,0x73
1,0x000027B5,0x0000A815,0x73
1,0x0000CC90,0x00014CF0,0x73
1,0x000050E7,0x0000D147,0x73
1,0x00005104,0x0000D164,0x73
1,0x000050AD,0x0000D10D,0x73
1,0x0000CF2D,0x00014F8D,0x73
1,0x0000C9A7,0x00014A07,0x73
2,0x00002784,0x0001A2C4,0x73
2,0x00002491,0x00019FD1,0x73
2,0x000027D9,0x0001A319,0x73
