record_index,site,file_offset,target,target_internal
0,3967,0x00000FBF,1541,True
0,3985,0x00000FD1,1541,True
0,4006,0x00000FE6,1541,True
0,4015,0x00000FEF,5038,True
0,4024,0x00000FF8,4771,True
0,4027,0x00000FFB,2900,True
0,4030,0x00000FFE,5005,True
0,4058,0x0000101A,1541,True
0,1613,0x0000068D,1452,True
0,133,0x000000C5,1541,True
0,160,0x000000E0,1541,True
0,191,0x000000FF,1541,True
0,218,0x0000011A,1541,True
0,231,0x00000127,4493,True
0,388,0x000001C4,4493,True
0,796,0x0000035C,4493,True
0,1280,0x00000540,4493,True
0,1437,0x000005DD,4493,True
0,4585,0x00001229,3733,True
0,124,0x000000BC,4878,True
0,4882,0x00001352,4827,True
0,4887,0x00001357,4697,True
0,4898,0x00001362,4615,True
0,4903,0x00001367,4697,True
0,4760,0x000012D8,4986,True
0,4691,0x00001293,4986,True
0,4872,0x00001348,4986,True
0,2031,0x0000082F,3865,True
0,4934,0x00001386,4264,True
0,4950,0x00001396,4342,True
0,4927,0x0000137F,4932,True
0,1525,0x00000635,3849,True
0,2214,0x000008E6,1502,True
0,2199,0x000008D7,1502,True
0,2177,0x000008C1,1502,True
0,2156,0x000008AC,2191,True
0,1463,0x000005F7,3849,True
0,1598,0x0000067E,1519,True
0,1565,0x0000065D,1502,True
0,4041,0x00001009,1541,True
0,5013,0x000013D5,3,True
0,2900,0x00000B94,5056,True
0,3270,0x00000D06,3830,True
0,3288,0x00000D18,3830,True
0,3304,0x00000D28,3708,True
0,3426,0x00000DA2,3796,True
0,2083,0x00000863,3107,True
0,3340,0x00000D4C,3733,True
0,3169,0x00000CA1,4493,True
0,2322,0x00000952,1541,True
0,2389,0x00000995,1541,True
0,2439,0x000009C7,1541,True
0,2444,0x000009CC,4697,True
0,2470,0x000009E6,4697,True
0,2522,0x00000A1A,1541,True
0,2527,0x00000A1F,4827,True
0,2532,0x00000A24,4697,True
0,2542,0x00000A2E,3179,True
0,2547,0x00000A33,4697,True
0,2556,0x00000A3C,4697,True
0,2565,0x00000A45,4697,True
0,2579,0x00000A53,1541,True
0,2701,0x00000ACD,4081,True
0,2752,0x00000B00,1541,True
0,2875,0x00000B7B,1541,True
0,2822,0x00000B46,4081,True
0,4130,0x00001062,3830,True
0,4148,0x00001074,3830,True
0,4213,0x000010B5,3778,True
0,2590,0x00000A5E,4827,True
0,2595,0x00000A63,4697,True
0,2602,0x00000A6A,3179,True
0,2607,0x00000A6F,4697,True
0,2616,0x00000A78,4697,True
0,2625,0x00000A81,4697,True
0,2639,0x00000A8F,1541,True
0,2335,0x0000095F,4697,True
0,2782,0x00000B1E,1541,True
0,3148,0x00000C8C,4878,True
0,3137,0x00000C81,5050,True
0,5052,0x000013FC,4697,True
0,4799,0x000012FF,3200,True
0,3929,0x00000F99,5023,True
0,3949,0x00000FAD,1541,True
1,13604,0x0000B584,39537,True
1,13607,0x0000B587,59155,True
1,14694,0x0000B9C6,61614,True
1,14739,0x0000B9F3,2304,True
1,14789,0x0000BA25,2304,True
1,14710,0x0000B9D6,61636,True
1,61626,0x0001711A,1662,True
1,15770,0x0000BDFA,61614,True
1,15815,0x0000BE27,2304,True
1,15865,0x0000BE59,2304,True
1,53341,0x000150BD,58380,True
1,58380,0x0001646C,61897,True
1,58402,0x00016482,61897,True
1,58425,0x00016499,2108,True
1,58436,0x000164A4,2493,True
1,58441,0x000164A9,49279,True
1,57361,0x00016071,2674,True
1,57381,0x00016085,62970,True
1,57386,0x0001608A,64071,True
1,57391,0x0001608F,63576,True
1,11333,0x0000ACA5,2627,True
1,49671,0x00014267,2481,True
1,11349,0x0000ACB5,11285,True
1,60848,0x00016E10,60130,True
1,59409,0x00016871,1770,True
1,59433,0x00016889,1700,True
1,59444,0x00016894,1700,True
1,11309,0x0000AC8D,2604,True
1,49282,0x000140E2,49382,True
1,49534,0x000141DE,2493,True
1,3780,0x00008F24,2481,True
1,3795,0x00008F33,31791,True
1,3865,0x00008F79,2481,True
1,3986,0x00008FF2,48316,True
1,4010,0x0000900A,2268,True
1,4021,0x00009015,2493,True
1,4031,0x0000901F,2493,True
1,4045,0x0000902D,31780,True
1,4085,0x00009055,2493,True
1,4095,0x0000905F,2493,True
1,4114,0x00009072,31791,True
1,4154,0x0000909A,2493,True
1,4317,0x0000913D,2481,True
1,4379,0x0000917B,31791,True
1,4419,0x000091A3,2268,True
1,4782,0x0000930E,2481,True
1,4802,0x00009322,2481,True
1,4822,0x00009336,2481,True
1,4832,0x00009340,31780,True
1,4884,0x00009374,2493,True
1,4908,0x0000938C,2481,True
1,4923,0x0000939B,31791,True
1,4992,0x000093E0,2481,True
1,5159,0x00009487,48316,True
1,5212,0x000094BC,40051,True
1,5215,0x000094BF,40300,True
1,40303,0x00011DCF,2493,True
1,40307,0x00011DD3,8,True
1,40326,0x00011DE6,1662,True
1,40329,0x00011DE9,53133,True
1,53147,0x00014FFB,11325,True
1,40054,0x00011CD6,2493,True
1,48319,0x00013D1F,2481,True
1,48374,0x00013D56,2108,True
1,48380,0x00013D5C,2481,True
1,31794,0x0000FC92,2481,True
1,31814,0x0000FCA6,2481,True
1,31869,0x0000FCDD,2108,True
1,31875,0x0000FCE3,2481,True
1,31974,0x0000FD46,2481,True
1,32018,0x0000FD72,2481,True
1,31929,0x0000FD19,2285,True
1,31933,0x0000FD1D,61723,True
1,61727,0x0001717F,61021,True
1,61732,0x00017184,59510,True
1,61745,0x00017191,57816,True
1,61750,0x00017196,59510,True
1,5052,0x0000941C,2481,True
1,5072,0x00009430,2481,True
1,5092,0x00009444,2481,True
1,5102,0x0000944E,31780,True
1,5137,0x00009471,2481,True
1,4427,0x000091AB,2493,True
1,4451,0x000091C3,2481,True
1,4461,0x000091CD,31780,True
1,4334,0x0000914E,2493,True
1,4358,0x00009166,2481,True
1,4207,0x000090CF,2268,True
1,4215,0x000090D7,2493,True
1,4225,0x000090E1,2493,True
1,4239,0x000090EF,31780,True
1,4279,0x00009117,2493,True
1,61904,0x00017230,839,True
1,61914,0x0001723A,551,True
1,61924,0x00017244,286,True
1,61927,0x00017247,891,True
1,317,0x0000819D,946,True
1,564,0x00008294,946,True
1,1234,0x00008532,551,True
1,854,0x000083B6,2254,True
1,15786,0x0000BE0A,61636,True
1,16206,0x0000BFAE,1662,True
1,16222,0x0000BFBE,2304,True
1,16272,0x0000BFF0,2304,True
1,15130,0x0000BB7A,1662,True
1,15146,0x0000BB8A,2304,True
1,15196,0x0000BBBC,2304,True
1,15238,0x0000BBE6,2304,True
1,15285,0x0000BC15,2304,True
1,15330,0x0000BC42,2304,True
1,15372,0x0000BC6C,2304,True
1,15419,0x0000BC9B,2304,True
1,15465,0x0000BCC9,2304,True
1,15491,0x0000BCE3,2481,True
1,15521,0x0000BD01,2285,True
1,15545,0x0000BD19,2285,True
1,15569,0x0000BD31,2285,True
1,59202,0x000167A2,41282,True
1,41472,0x00012260,5238,True
1,41700,0x00012344,5238,True
1,5349,0x00009545,1700,True
1,5435,0x0000959B,1725,True
1,5555,0x00009613,1725,True
1,7112,0x00009C28,2323,True
1,7124,0x00009C34,2323,True
1,7137,0x00009C41,2285,True
1,7145,0x00009C49,2323,True
1,7150,0x00009C4E,2285,True
1,7158,0x00009C56,2323,True
1,7163,0x00009C5B,2285,True
1,7171,0x00009C63,2323,True
1,7176,0x00009C68,2285,True
1,7248,0x00009CB0,35658,True
1,35747,0x00010C03,2285,True
1,35776,0x00010C20,1788,True
1,35805,0x00010C3D,2285,True
1,35838,0x00010C5E,1788,True
1,35867,0x00010C7B,2285,True
1,35900,0x00010C9C,1788,True
1,35956,0x00010CD4,1788,True
1,5473,0x000095C1,1725,True
1,5634,0x00009662,1725,True
1,5774,0x000096EE,1725,True
1,5787,0x000096FB,1725,True
1,5828,0x00009724,1725,True
1,5859,0x00009743,1725,True
1,5870,0x0000974E,1725,True
1,5882,0x0000975A,1725,True
1,6062,0x0000980E,1725,True
1,6073,0x00009819,1725,True
1,6085,0x00009825,1725,True
1,4596,0x00009254,2481,True
1,4606,0x0000925E,31780,True
1,4697,0x000092B9,2481,True
1,4713,0x000092C9,48316,True
1,4719,0x000092CF,2493,True
1,18516,0x0000C8B4,63954,True
1,18519,0x0000C8B7,63262,True
1,18524,0x0000C8BC,58311,True
1,18527,0x0000C8BF,53240,True
1,18530,0x0000C8C2,60184,True
1,18574,0x0000C8EE,11325,True
1,18589,0x0000C8FD,11325,True
1,18650,0x0000C93A,11325,True
1,18696,0x0000C968,63496,True
1,18731,0x0000C98B,37408,True
1,18736,0x0000C990,56226,True
1,18754,0x0000C9A2,52464,True
1,18757,0x0000C9A5,63671,True
1,18760,0x0000C9A8,59855,True
1,19229,0x0000CB7D,63377,True
1,63377,0x000177F1,64117,True
1,63380,0x000177F4,64093,True
1,63390,0x000177FE,58717,True
1,58717,0x000165BD,56140,True
1,58778,0x000165FA,11325,True
1,58764,0x000165EC,64047,True
1,56145,0x00015BB1,32427,True
1,32567,0x0000FF97,2636,True
1,24141,0x0000DEAD,62189,True
1,24313,0x0000DF59,62189,True
1,18780,0x0000C9BC,40797,True
1,40797,0x00011FBD,54670,True
1,40814,0x00011FCE,47504,True
1,40831,0x00011FDF,10026,True
1,40857,0x00011FF9,41964,True
1,40942,0x0001204E,47131,True
1,40959,0x0001205F,23150,True
1,42309,0x000125A5,1725,True
1,42319,0x000125AF,1725,True
1,42329,0x000125B9,1725,True
1,42339,0x000125C3,1725,True
1,41099,0x000120EB,1840,True
1,41149,0x0001211D,1700,True
1,41263,0x0001218F,1770,True
1,41004,0x0001208C,49968,True
1,41024,0x000120A0,49968,True
1,41027,0x000120A3,63686,True
1,49991,0x000143A7,2493,True
1,23172,0x0000DAE4,2542,True
1,23193,0x0000DAF9,2568,True
1,23203,0x0000DB03,2568,True
1,23213,0x0000DB0D,2568,True
1,23223,0x0000DB17,2568,True
1,23230,0x0000DB1E,63716,True
1,23244,0x0000DB2C,63716,True
1,23358,0x0000DB9E,2304,True
1,23378,0x0000DBB2,2304,True
1,23317,0x0000DB75,22672,True
1,22902,0x0000D9D6,1770,True
1,22918,0x0000D9E6,1770,True
1,23144,0x0000DAC8,1770,True
1,23618,0x0000DCA2,63716,True
1,23623,0x0000DCA7,17638,True
1,17644,0x0000C54C,63716,True
1,17652,0x0000C554,63906,True
1,17660,0x0000C55C,62030,True
1,17928,0x0000C668,62994,True
1,18507,0x0000C8AB,24571,True
1,24708,0x0000E0E4,2304,True
1,24747,0x0000E10B,1725,True
1,62030,0x000172AE,64053,True
1,62152,0x00017328,57291,True
1,57328,0x00016050,2674,True
1,62115,0x00017303,57291,True
1,62120,0x00017308,58031,True
1,21356,0x0000D3CC,1662,True
1,21375,0x0000D3DF,1662,True
1,21378,0x0000D3E2,54180,True
1,21384,0x0000D3E8,2493,True
1,17933,0x0000C66D,63818,True
1,18047,0x0000C6DF,63916,True
1,18218,0x0000C78A,63829,True
1,18362,0x0000C81A,24571,True
1,18371,0x0000C823,63926,True
1,18385,0x0000C831,11325,True
1,18399,0x0000C83F,63302,True
1,18405,0x0000C845,61185,True
1,61185,0x00016F61,63302,True
1,63926,0x00017A16,63302,True
1,17938,0x0000C672,59274,True
1,17969,0x0000C691,28792,True
1,29125,0x0000F225,1788,True
1,29020,0x0000F1BC,1788,True
1,28939,0x0000F16B,1788,True
1,28856,0x0000F118,1788,True
1,63818,0x000179AA,59274,True
1,63906,0x00017A02,64053,True
1,23235,0x0000DB23,17638,True
1,47150,0x0001388E,47481,True
1,33334,0x00010296,34752,True
1,33345,0x000102A1,1947,True
1,33400,0x000102D8,2481,True
1,63227,0x0001775B,11325,True
1,63230,0x0001775E,53977,True
1,63233,0x00017761,46046,True
1,63236,0x00017764,61265,True
1,60028,0x00016ADC,62970,True
1,60039,0x00016AE7,62970,True
1,60050,0x00016AF2,62970,True
1,60061,0x00016AFD,62970,True
1,53988,0x00015344,11325,True
1,34761,0x00010829,1725,True
1,34776,0x00010838,1725,True
1,34794,0x0001084A,11325,True
1,34808,0x00010858,1700,True
1,34840,0x00010878,1700,True
1,34861,0x0001088D,1725,True
1,34894,0x000108AE,1725,True
1,34933,0x000108D5,1725,True
1,34958,0x000108EE,1725,True
1,34968,0x000108F8,1725,True
1,34978,0x00010902,1725,True
1,34988,0x0001090C,1725,True
1,34998,0x00010916,1725,True
1,35008,0x00010920,1725,True
1,35018,0x0001092A,1725,True
1,47521,0x00013A01,2493,True
1,47111,0x00013867,11325,True
1,47094,0x00013856,11325,True
1,40885,0x00012015,47500,True
1,40894,0x0001201E,7101,True
1,40915,0x00012033,60940,True
1,60943,0x00016E6F,2481,True
1,60949,0x00016E75,2493,True
1,41997,0x0001246D,47495,True
1,42090,0x000124CA,47498,True
1,10029,0x0000A78D,2481,True
1,10059,0x0000A7AB,2285,True
1,10083,0x0000A7C3,2285,True
1,10107,0x0000A7DB,2285,True
1,10131,0x0000A7F3,2285,True
1,10410,0x0000A90A,54476,True
1,11214,0x0000AC2E,60934,True
1,54675,0x000155F3,27978,True
1,54698,0x0001560A,47504,True
1,54725,0x00015625,2481,True
1,54742,0x00015636,49974,True
1,54762,0x0001564A,11325,True
1,28239,0x0000EEAF,1700,True
1,28250,0x0000EEBA,1770,True
1,28264,0x0000EEC8,1700,True
1,28371,0x0000EF33,62189,True
1,28275,0x0000EED3,62189,True
1,28319,0x0000EEFF,1700,True
1,28356,0x0000EF24,1700,True
1,28368,0x0000EF30,1770,True
1,28334,0x0000EF0E,62189,True
1,59858,0x00016A32,2481,True
1,59878,0x00016A46,2481,True
1,59904,0x00016A60,2481,True
1,18749,0x0000C99D,56226,True
1,56245,0x00015C15,47504,True
1,56292,0x00015C44,2481,True
1,37300,0x00011214,52103,True
1,52125,0x00014BFD,58921,True
1,52130,0x00014C02,63445,True
1,52235,0x00014C6B,52085,True
1,52091,0x00014BDB,25906,True
1,52289,0x00014CA1,52085,True
1,51450,0x0001495A,1947,True
1,51216,0x00014870,11325,True
1,51221,0x00014875,61021,True
1,51230,0x0001487E,11325,True
1,51850,0x00014AEA,62492,True
1,52261,0x00014C85,52085,True
1,52144,0x00014C10,59392,True
1,52171,0x00014C2B,11325,True
1,52176,0x00014C30,58912,True
1,52181,0x00014C35,63445,True
1,52218,0x00014C5A,58910,True
1,58943,0x0001669F,1770,True
1,52197,0x00014C45,59392,True
1,52213,0x00014C55,58910,True
1,63457,0x00017841,1700,True
1,37541,0x00011305,62189,True
1,37601,0x00011341,11325,True
1,37649,0x00011371,11325,True
1,37652,0x00011374,58102,True
1,37655,0x00011377,58172,True
1,37671,0x00011387,43048,True
1,43194,0x0001291A,63730,True
1,43245,0x0001294D,63155,True
1,43248,0x00012950,62637,True
1,43253,0x00012955,45858,True
1,46015,0x0001341F,25906,True
1,46030,0x0001342E,1822,True
1,46033,0x00013431,60650,True
1,60662,0x00016D56,62189,True
1,60669,0x00016D5D,62189,True
1,62652,0x0001751C,2493,True
1,62657,0x00017521,49279,True
1,58175,0x0001639F,2493,True
1,58179,0x000163A3,8,True
1,58185,0x000163A9,2493,True
1,58208,0x000163C0,1662,True
1,58227,0x000163D3,1662,True
1,58230,0x000163D6,54180,True
1,58105,0x00016359,2493,True
1,37568,0x00011320,62189,True
1,18726,0x0000C986,2835,True
1,2971,0x00008BFB,1770,True
1,3006,0x00008C1E,1770,True
1,3076,0x00008C64,1770,True
1,3111,0x00008C87,1770,True
1,3136,0x00008CA0,63155,True
1,3139,0x00008CA3,22,True
1,3148,0x00008CAC,42184,True
1,3178,0x00008CCA,55876,True
1,3196,0x00008CDC,21009,True
1,3205,0x00008CE5,25482,True
1,3231,0x00008CFF,2268,True
1,3359,0x00008D7F,2493,True
1,3383,0x00008D97,2481,True
1,3404,0x00008DAC,31791,True
1,3678,0x00008EBE,2481,True
1,3698,0x00008ED2,2481,True
1,3704,0x00008ED8,31756,True
1,3756,0x00008F0C,2493,True
1,31770,0x0000FC7A,2481,True
1,3925,0x00008FB5,2481,True
1,3928,0x00008FB8,31733,True
1,3964,0x00008FDC,2481,True
1,31750,0x0000FC66,2481,True
1,3239,0x00008D07,2493,True
1,3249,0x00008D11,2493,True
1,25639,0x0000E487,2493,True
1,25643,0x0000E48B,512,True
1,25660,0x0000E49C,2355,True
1,25666,0x0000E4A2,2481,True
1,25685,0x0000E4B5,1662,True
1,25704,0x0000E4C8,1662,True
1,25707,0x0000E4CB,54180,True
1,25713,0x0000E4D1,2493,True
1,25717,0x0000E4D5,516,True
1,25734,0x0000E4E6,2355,True
1,25740,0x0000E4EC,2481,True
1,25759,0x0000E4FF,1662,True
1,25778,0x0000E512,1662,True
1,25781,0x0000E515,54180,True
1,25787,0x0000E51B,2493,True
1,25797,0x0000E525,2493,True
1,25820,0x0000E53C,1662,True
1,25839,0x0000E54F,1662,True
1,25842,0x0000E552,54180,True
1,25848,0x0000E558,2493,True
1,25852,0x0000E55C,12,True
1,25858,0x0000E562,2493,True
1,25881,0x0000E579,1662,True
1,25900,0x0000E58C,1662,True
1,25519,0x0000E40F,1947,True
1,25543,0x0000E427,2465,True
1,25549,0x0000E42D,2481,True
1,25559,0x0000E437,1947,True
1,25583,0x0000E44F,2465,True
1,25589,0x0000E455,2481,True
1,25608,0x0000E468,1662,True
1,25627,0x0000E47B,1662,True
1,25630,0x0000E47E,54180,True
1,21166,0x0000D30E,2493,True
1,21046,0x0000D296,1947,True
1,21070,0x0000D2AE,2465,True
1,21076,0x0000D2B4,2481,True
1,21086,0x0000D2BE,1947,True
1,21110,0x0000D2D6,2465,True
1,21116,0x0000D2DC,2481,True
1,21135,0x0000D2EF,1662,True
1,21154,0x0000D302,1662,True
1,21157,0x0000D305,54180,True
1,55904,0x00015AC0,2323,True
1,55924,0x00015AD4,2355,True
1,55930,0x00015ADA,2481,True
1,55951,0x00015AEF,39796,True
1,39799,0x00011BD7,2481,True
1,39828,0x00011BF4,2108,True
1,39856,0x00011C10,2108,True
1,39861,0x00011C15,2285,True
1,39943,0x00011C67,2481,True
1,39987,0x00011C93,2481,True
1,39896,0x00011C38,2285,True
1,39900,0x00011C3C,61723,True
1,3198,0x00008CDE,2171,True
1,3041,0x00008C41,1770,True
1,2929,0x00008BD1,11325,True
1,53242,0x0001505A,45858,True
1,63954,0x00017A32,63321,True
1,63957,0x00017A35,62312,True
1,62312,0x000173C8,58380,True
1,62315,0x000173CB,59095,True
1,59095,0x00016737,58380,True
1,59113,0x00016749,2493,True
1,59118,0x0001674E,49279,True
1,59122,0x00016752,43467,True
1,43584,0x00012AA0,829,True
1,43603,0x00012AB3,551,True
1,43613,0x00012ABD,45,True
1,43616,0x00012AC0,891,True
1,102,0x000080C6,946,True
1,43479,0x00012A37,60979,True
1,43483,0x00012A3B,829,True
1,43492,0x00012A44,286,True
1,43502,0x00012A4E,551,True
1,43528,0x00012A68,829,True
1,43547,0x00012A7B,551,True
1,43556,0x00012A84,45,True
1,43559,0x00012A87,891,True
1,60979,0x00016E93,64105,True
1,61010,0x00016EB2,1969,True
1,61014,0x00016EB6,829,True
1,61017,0x00016EB9,891,True
1,4519,0x00009207,2481,True
1,4551,0x00009227,2268,True
1,4576,0x00009240,2481,True
1,6257,0x000098D1,1725,True
1,6308,0x00009904,1725,True
1,6502,0x000099C6,1700,True
1,6514,0x000099D2,1725,True
1,6524,0x000099DC,1725,True
1,6599,0x00009A27,1700,True
1,6614,0x00009A36,1725,True
1,6752,0x00009AC0,1725,True
1,6765,0x00009ACD,1725,True
1,6776,0x00009AD8,1725,True
1,6829,0x00009B0D,1725,True
1,6785,0x00009AE1,1725,True
1,6667,0x00009A6B,1725,True
1,6695,0x00009A87,1725,True
1,6702,0x00009A8E,1725,True
1,6730,0x00009AAA,1788,True
1,6423,0x00009977,1725,True
1,6319,0x0000990F,1725,True
1,6355,0x00009933,1725,True
1,5644,0x0000966C,1725,True
1,7019,0x00009BCB,1725,True
1,7044,0x00009BE4,1725,True
1,7039,0x00009BDF,1725,True
1,6884,0x00009B44,1725,True
1,41534,0x0001229E,41040,True
1,41303,0x000121B7,41040,True
1,59176,0x00016788,41513,True
1,39790,0x00011BCE,57443,True
1,57507,0x00016103,63199,True
1,39675,0x00011B5B,21573,True
1,39756,0x00011BAC,61651,True
1,61681,0x00017151,2674,True
1,39731,0x00011B93,35969,True
1,36286,0x00010E1E,1662,True
1,36289,0x00010E21,63302,True
1,36298,0x00010E2A,61185,True
1,36488,0x00010EE8,62725,True
1,36324,0x00010E44,62282,True
1,36347,0x00010E5B,62725,True
1,21600,0x0000D4C0,1662,True
1,21619,0x0000D4D3,1662,True
1,22489,0x0000D839,1770,True
1,22511,0x0000D84F,1770,True
1,22526,0x0000D85E,1770,True
1,22540,0x0000D86C,27175,True
1,22623,0x0000D8BF,52580,True
1,22637,0x0000D8CD,27568,True
1,27586,0x0000EC22,1725,True
1,27909,0x0000ED65,1770,True
1,27923,0x0000ED73,1700,True
1,27928,0x0000ED78,1770,True
1,27968,0x0000EDA0,1700,True
1,52768,0x00014E80,61863,True
1,52906,0x00014F0A,2674,True
1,52686,0x00014E2E,1700,True
1,61878,0x00017216,61455,True
1,52744,0x00014E68,1840,True
1,22595,0x0000D8A3,27158,True
1,27171,0x0000EA83,1725,True
1,27515,0x0000EBDB,1700,True
1,27521,0x0000EBE1,1700,True
1,27527,0x0000EBE7,1700,True
1,27545,0x0000EBF9,1770,True
1,27561,0x0000EC09,1770,True
1,21505,0x0000D461,1662,True
1,21508,0x0000D464,54180,True
1,21514,0x0000D46A,2493,True
1,33723,0x0001041B,1788,True
1,21929,0x0000D609,1925,True
1,21975,0x0000D637,19235,True
1,21995,0x0000D64B,1925,True
1,22031,0x0000D66F,57291,True
1,19271,0x0000CBA7,1662,True
1,19312,0x0000CBD0,63340,True
1,19343,0x0000CBEF,14568,True
1,19354,0x0000CBFA,62220,True
1,19359,0x0000CBFF,64065,True
1,19364,0x0000CC04,63560,True
1,20284,0x0000CF9C,1770,True
1,20300,0x0000CFAC,1770,True
1,20322,0x0000CFC2,1770,True
1,20337,0x0000CFD1,1770,True
1,20416,0x0000D020,52580,True
1,20430,0x0000D02E,27568,True
1,20388,0x0000D004,27158,True
1,62251,0x0001738B,60449,True
1,62254,0x0001738E,34068,True
1,62268,0x0001739C,52808,True
1,34222,0x0001060E,63086,True
1,34299,0x0001065B,61384,True
1,34304,0x00010660,62189,True
1,34331,0x0001067B,61144,True
1,34342,0x00010686,11325,True
1,34351,0x0001068F,62895,True
1,34356,0x00010694,63608,True
1,34359,0x00010697,63592,True
1,61160,0x00016F48,49382,True
1,34233,0x00010619,11325,True
1,34264,0x00010638,62189,True
1,34382,0x000106AE,11325,True
1,34385,0x000106B1,61931,True
1,61957,0x00017265,58583,True
1,34246,0x00010626,62189,True
1,34211,0x00010603,62189,True
1,34370,0x000106A2,32786,True
1,34086,0x00010586,64121,True
1,34089,0x00010589,63744,True
1,34139,0x000105BB,63608,True
1,34142,0x000105BE,63592,True
1,34145,0x000105C1,54079,True
1,34159,0x000105CF,11325,True
1,34168,0x000105D8,35342,True
1,34171,0x000105DB,62189,True
1,35516,0x00010B1C,11325,True
1,35565,0x00010B4D,11325,True
1,35472,0x00010AF0,11325,True
1,53397,0x000150F5,60650,True
1,53402,0x000150FA,63445,True
1,53522,0x00015172,57291,True
1,53561,0x00015199,59785,True
1,53575,0x000151A7,1700,True
1,53590,0x000151B6,1700,True
1,53600,0x000151C0,1770,True
1,53620,0x000151D4,1700,True
1,53262,0x0001506E,53364,True
1,53370,0x000150DA,62402,True
1,62409,0x00017429,63286,True
1,53555,0x00015193,52917,True
1,52977,0x00014F51,19235,True
1,53471,0x0001513F,53392,True
1,53412,0x00015104,32082,True
1,53417,0x00015109,55786,True
1,55788,0x00015A4C,62372,True
1,55803,0x00015A5B,62372,True
1,55811,0x00015A63,834,True
1,55821,0x00015A6D,286,True
1,55841,0x00015A81,834,True
1,55860,0x00015A94,551,True
1,55869,0x00015A9D,45,True
1,55872,0x00015AA0,891,True
1,62384,0x00017410,1700,True
1,62395,0x0001741B,1700,True
1,32084,0x0000FDB4,63445,True
1,32119,0x0000FDD7,63445,True
1,32132,0x0000FDE4,62372,True
1,32166,0x0000FE06,1840,True
1,32185,0x0000FE19,62372,True
1,32209,0x0000FE31,2268,True
1,32230,0x0000FE46,62372,True
1,32253,0x0000FE5D,2268,True
1,32274,0x0000FE72,63445,True
1,32287,0x0000FE7F,62372,True
1,32407,0x0000FEF7,834,True
1,32418,0x0000FF02,708,True
1,32380,0x0000FEDC,834,True
1,32391,0x0000FEE7,708,True
1,32338,0x0000FEB2,834,True
1,32349,0x0000FEBD,708,True
1,54174,0x000153FE,11325,True
1,34100,0x00010594,11325,True
1,34103,0x00010597,63221,True
1,34111,0x0001059F,50805,True
1,34062,0x0001056E,23627,True
1,24021,0x0000DE35,31381,True
1,31446,0x0000FB36,63340,True
1,31454,0x0000FB3E,8661,True
1,31465,0x0000FB49,62220,True
1,31470,0x0000FB4E,64065,True
1,31475,0x0000FB53,63560,True
1,23745,0x0000DD21,62066,True
1,23757,0x0000DD2D,31381,True
1,23696,0x0000DCF0,62066,True
1,23708,0x0000DCFC,31381,True
1,24089,0x0000DE79,31381,True
1,24043,0x0000DE4B,62062,True
1,24063,0x0000DE5F,31381,True
1,23986,0x0000DE12,62062,True
1,23998,0x0000DE1E,31381,True
1,23925,0x0000DDD5,62062,True
1,23931,0x0000DDDB,64004,True
1,23954,0x0000DDF2,31381,True
1,23847,0x0000DD87,62062,True
1,23881,0x0000DDA9,31381,True
1,23790,0x0000DD4E,62062,True
1,23802,0x0000DD5A,31381,True
1,34047,0x0001055F,57291,True
1,34027,0x0001054B,52917,True
1,34019,0x00010543,19235,True
1,33990,0x00010526,19235,True
1,33961,0x00010509,19235,True
1,33928,0x000104E8,19235,True
1,33895,0x000104C7,19235,True
1,33838,0x0001048E,19235,True
1,33806,0x0001046E,19235,True
1,60455,0x00016C87,64161,True
1,60458,0x00016C8A,64163,True
1,60461,0x00016C8D,64164,True
1,60472,0x00016C98,51603,True
1,60482,0x00016CA2,51603,True
1,60492,0x00016CAC,51603,True
1,19326,0x0000CBDE,51076,True
1,39637,0x00011B35,57291,True
1,13520,0x0000B530,52696,True
1,60915,0x00016E53,1700,True
1,60919,0x00016E57,1700,True
1,60928,0x00016E60,1770,True
2,39950,0x0002174E,49247,True
2,40004,0x00021784,49247,True
2,40018,0x00021792,49247,True
2,40030,0x0002179E,49247,True
2,40062,0x000217BE,33541,True
2,40065,0x000217C1,37338,True
2,40070,0x000217C6,33541,True
2,40073,0x000217C9,37338,True
2,40144,0x00021810,17994,True
2,17999,0x0001C18F,33541,True
2,18038,0x0001C1B6,49165,True
2,18080,0x0001C1E0,10175,True
2,18084,0x0001C1E4,18049,True
2,17977,0x0001C179,48594,True
2,17980,0x0001C17C,20992,True
2,21009,0x0001CD51,10082,True
2,21029,0x0001CD65,10082,True
2,21035,0x0001CD6B,10094,True
2,21052,0x0001CD7C,31117,True
2,21135,0x0001CDCF,49027,True
2,21145,0x0001CDD9,10042,True
2,21155,0x0001CDE3,9972,True
2,21161,0x0001CDE9,10082,True
2,21181,0x0001CDFD,10082,True
2,21204,0x0001CE14,48326,True
2,21224,0x0001CE28,10082,True
2,21230,0x0001CE2E,49014,True
2,21239,0x0001CE37,10042,True
2,21253,0x0001CE45,10070,True
2,21259,0x0001CE4B,48594,True
2,21279,0x0001CE5F,10082,True
2,21285,0x0001CE65,49014,True
2,21301,0x0001CE75,10042,True
2,21440,0x0001CF00,9991,True
2,21460,0x0001CF14,10042,True
2,21313,0x0001CE81,10042,True
2,21324,0x0001CE8C,10082,True
2,21330,0x0001CE92,49014,True
2,21344,0x0001CEA0,10042,True
2,21373,0x0001CEBD,10082,True
2,21376,0x0001CEC0,19301,True
2,19309,0x0001C6AD,10166,True
2,19325,0x0001C6BD,19261,True
2,49139,0x00023B33,47272,True
2,49155,0x00023B43,49398,True
2,47288,0x000233F8,9972,True
2,47312,0x00023410,9972,True
2,47336,0x00023428,9972,True
2,49132,0x00023B2C,49137,True
2,19285,0x0001C695,10143,True
2,34873,0x00020379,9972,True
2,34891,0x0002038B,9972,True
2,34909,0x0002039D,9972,True
2,35088,0x00020450,34975,True
2,35189,0x000204B5,49247,True
2,49255,0x00023BA7,49292,True
2,49258,0x00023BAA,49292,True
2,49261,0x00023BAD,49292,True
2,49264,0x00023BB0,49292,True
2,35121,0x00020471,9484,True
2,35139,0x00020483,9484,True
2,35156,0x00020494,9484,True
2,35169,0x000204A1,9484,True
2,35000,0x000203F8,9484,True
2,35017,0x00020409,9484,True
2,35035,0x0002041B,9484,True
2,35054,0x0002042E,9484,True
2,34970,0x000203DA,34975,True
2,34948,0x000203C4,50227,False
2,36370,0x00020952,9972,True
2,36388,0x00020964,9972,True
2,36406,0x00020976,9972,True
2,36556,0x00020A0C,34975,True
2,36645,0x00020A65,49247,True
2,36584,0x00020A28,9387,True
2,36597,0x00020A35,9387,True
2,36609,0x00020A41,9387,True
2,36621,0x00020A4D,9387,True
2,36449,0x000209A1,34975,True
2,36475,0x000209BB,9387,True
2,36491,0x000209CB,9387,True
2,36504,0x000209D8,9387,True
2,36518,0x000209E6,9387,True
2,48329,0x00023809,10082,True
2,48358,0x00023826,34806,True
2,31195,0x0001F51B,49247,True
2,31226,0x0001F53A,10082,True
2,31262,0x0001F55E,9991,True
2,31404,0x0001F5EC,49247,True
2,31435,0x0001F60B,10082,True
2,31471,0x0001F62F,9991,True
2,18094,0x0001C1EE,17482,True
2,18102,0x0001C1F6,18070,True
2,18105,0x0001C1F9,17815,True
2,18111,0x0001C1FF,18075,True
2,17756,0x0001C09C,9991,True
2,17780,0x0001C0B4,10042,True
2,17818,0x0001C0DA,48594,True
2,17821,0x0001C0DD,20992,True
2,17880,0x0001C118,10082,True
2,17894,0x0001C126,10213,True
2,17923,0x0001C143,49007,True
2,49008,0x00023AB0,10082,True
2,18064,0x0001C1D0,37338,True
2,37507,0x00020DC3,10054,True
2,37513,0x00020DC9,10082,True
2,37520,0x00020DD0,48256,True
2,37615,0x00020E2F,49247,True
2,48264,0x000237C8,31121,True
2,48270,0x000237CE,10082,True
2,48312,0x000237F8,10082,True
2,36737,0x00020AC1,9972,True
2,36761,0x00020AD9,9972,True
2,36785,0x00020AF1,9972,True
2,36826,0x00020B1A,49247,True
2,36888,0x00020B58,9972,True
2,36912,0x00020B70,9972,True
2,36936,0x00020B88,9972,True
2,36977,0x00020BB1,49247,True
2,37434,0x00020D7A,10054,True
2,37440,0x00020D80,10082,True
2,37447,0x00020D87,36669,True
2,37651,0x00020E53,46715,True
2,46734,0x000231CE,19301,True
2,46839,0x00023237,9324,True
2,46882,0x00023262,40157,True
2,46894,0x0002326E,44370,True
2,46897,0x00023271,49357,True
2,49365,0x00023C15,39107,True
2,39110,0x00021406,49197,True
2,39124,0x00021414,44910,True
2,39178,0x0002144A,49247,True
2,39183,0x0002144F,46997,True
2,39198,0x0002145E,9466,True
2,39203,0x00021463,46997,True
2,39221,0x00021475,9484,True
2,39224,0x00021478,9362,True
2,39256,0x00021498,9362,True
2,39367,0x00021507,49465,True
2,49472,0x00023C80,49270,True
2,39316,0x000214D4,46997,True
2,39348,0x000214F4,9484,True
2,47016,0x000232E8,49270,True
2,47069,0x0002331D,49270,True
2,47074,0x00023322,49270,True
2,39292,0x000214BC,49270,True
2,39295,0x000214BF,49270,True
2,39298,0x000214C2,49270,True
2,39301,0x000214C5,49270,True
2,39304,0x000214C8,49270,True
2,39307,0x000214CB,49270,True
2,39232,0x00021480,49465,True
2,39130,0x0002141A,49270,True
2,44918,0x00022AB6,49270,True
2,44959,0x00022ADF,49270,True
2,44969,0x00022AE9,49270,True
2,44974,0x00022AEE,49270,True
2,45033,0x00022B29,49270,True
2,45036,0x00022B2C,49270,True
2,45007,0x00022B0F,49270,True
2,44938,0x00022ACA,49270,True
2,49209,0x00023B79,49270,True
2,44381,0x0002289D,10094,True
2,44409,0x000228B9,9643,True
2,44415,0x000228BF,10082,True
2,44420,0x000228C4,49247,True
2,44538,0x0002293A,49247,True
2,44446,0x000228DE,9955,True
2,44456,0x000228E8,49247,True
2,44490,0x0002290A,10082,True
2,40180,0x00021834,49207,True
2,40192,0x00021840,44910,True
2,40375,0x000218F7,44910,True
2,40386,0x00021902,49465,True
2,40304,0x000218B0,9387,True
2,40308,0x000218B4,44910,True
2,40340,0x000218D4,9387,True
2,40242,0x00021872,49465,True
2,40198,0x00021846,49270,True
2,46774,0x000231F6,49247,True
2,49169,0x00023B51,31121,True
2,33576,0x0001FE68,9324,True
2,33609,0x0001FE89,9324,True
2,33700,0x0001FEE4,9324,True
2,33731,0x0001FF03,9324,True
2,33792,0x0001FF40,10213,True
2,33798,0x0001FF46,10082,True
2,33842,0x0001FF72,10082,True
2,33874,0x0001FF92,10082,True
2,33903,0x0001FFAF,10082,True
2,33932,0x0001FFCC,10082,True
2,40115,0x000217F3,17994,True
2,40089,0x000217D9,32642,True
2,32647,0x0001FAC7,10175,True
2,32652,0x0001FACC,30847,True
2,30864,0x0001F3D0,9484,True
2,30689,0x0001F321,9387,True
2,30714,0x0001F33A,9484,True
2,30739,0x0001F353,9387,True
2,30769,0x0001F371,9484,True
2,30787,0x0001F383,9387,True
2,30818,0x0001F3A2,9484,True
2,30837,0x0001F3B5,9387,True
2,30938,0x0001F41A,9387,True
2,30963,0x0001F433,9484,True
2,30988,0x0001F44C,9387,True
2,31018,0x0001F46A,9484,True
2,31036,0x0001F47C,9387,True
2,31067,0x0001F49B,9484,True
2,31086,0x0001F4AE,9387,True
2,31113,0x0001F4C9,9484,True
2,39972,0x00021764,32642,True
