record_index,address,file_offset,vector_root,direct_call_count,first_opcode
0,0x00000000,0x00000040,True,0,0x02
0,0x00000003,0x00000043,False,1,0x8B
0,0x000005AC,0x000005EC,False,1,0x78
0,0x000005DE,0x0000061E,False,4,0xE5
0,0x000005EF,0x0000062F,False,1,0x78
0,0x00000605,0x00000645,False,19,0xE4
0,0x0000088F,0x000008CF,False,1,0x30
0,0x00000B54,0x00000B94,False,1,0x12
0,0x00000C23,0x00000C63,False,1,0xF5
0,0x00000C6B,0x00000CAB,False,2,0xE4
0,0x00000C80,0x00000CC0,False,1,0x8E
0,0x00000E7C,0x00000EBC,False,1,0xBB
0,0x00000E95,0x00000ED5,False,2,0xBB
0,0x00000EC2,0x00000F02,False,1,0xBB
0,0x00000ED4,0x00000F14,False,1,0xF8
0,0x00000EF6,0x00000F36,False,4,0xE8
0,0x00000F09,0x00000F49,False,2,0xFA
0,0x00000F19,0x00000F59,False,1,0xD0
0,0x00000FF1,0x00001031,False,2,0x90
0,0x000010A8,0x000010E8,False,1,0x6B
0,0x000010F6,0x00001136,False,1,0x37
0,0x0000118D,0x000011CD,False,6,0x8D
0,0x00001207,0x00001247,False,1,0x90
0,0x00001259,0x00001299,False,14,0x90
0,0x000012A3,0x000012E3,False,1,0x75
0,0x000012DB,0x0000131B,False,3,0x90
0,0x0000130E,0x0000134E,False,2,0xAC
0,0x00001344,0x00001384,False,1,0x30
0,0x0000137A,0x000013BA,False,3,0xE4
0,0x0000138D,0x000013CD,False,1,0xC2
0,0x0000139F,0x000013DF,False,1,0x75
0,0x000013AE,0x000013EE,False,1,0x90
0,0x000013BA,0x000013FA,False,1,0x7F
0,0x000013C0,0x00001400,False,1,0x7F
1,0x00000000,0x00008060,True,0,0x02
1,0x00000003,0x00008063,True,0,0x02
1,0x00000008,0x00008068,False,2,0xE6
1,0x0000000B,0x0000806B,True,0,0x02
1,0x0000000C,0x0000806C,False,1,0xEA
1,0x00000013,0x00008073,True,0,0x02
1,0x00000016,0x00008076,False,1,0x90
1,0x00000023,0x00008083,True,0,0x02
1,0x0000002D,0x0000808D,False,3,0xE9
1,0x0000007B,0x000080DB,True,0,0x02
1,0x0000011E,0x0000817E,False,3,0xEC
1,0x00000200,0x00008260,False,1,0xFF
1,0x00000204,0x00008264,False,1,0xFE
1,0x00000227,0x00008287,False,6,0xEC
1,0x000002C4,0x00008324,False,3,0x74
1,0x0000033D,0x0000839D,False,4,0x75
1,0x00000342,0x000083A2,False,5,0x75
1,0x00000347,0x000083A7,False,1,0x75
1,0x0000037B,0x000083DB,False,5,0xED
1,0x000003B2,0x00008412,False,3,0xE9
1,0x0000067E,0x000086DE,False,25,0x88
1,0x000006A4,0x00008704,False,26,0xBB
1,0x000006BD,0x0000871D,False,53,0xBB
1,0x000006EA,0x0000874A,False,26,0xBB
1,0x000006FC,0x0000875C,False,10,0xF8
1,0x0000071E,0x0000877E,False,1,0xEF
1,0x00000730,0x00008790,False,3,0xBC
1,0x00000785,0x000087E5,False,2,0xC5
1,0x0000079B,0x000087FB,False,6,0xA3
1,0x000007B1,0x00008811,False,1,0xE8
1,0x0000083C,0x0000889C,False,5,0xB8
1,0x0000087B,0x000088DB,False,1,0x33
1,0x000008CE,0x0000892E,False,1,0xC3
1,0x000008DC,0x0000893C,False,7,0xEB
1,0x000008ED,0x0000894D,False,17,0xE8
1,0x00000900,0x00008960,False,17,0xE8
1,0x00000913,0x00008973,False,6,0xBB
1,0x00000933,0x00008993,False,3,0xBB
1,0x000009A1,0x00008A01,False,4,0xE4
1,0x000009B1,0x00008A11,False,52,0xEC
1,0x000009BD,0x00008A1D,False,37,0xA8
1,0x000009EE,0x00008A4E,False,1,0xBB
1,0x00000A08,0x00008A68,False,4,0xBB
1,0x00000A2C,0x00008A8C,False,1,0xF8
1,0x00000A43,0x00008AA3,False,1,0xEB
1,0x00000A4C,0x00008AAC,False,1,0xD0
1,0x00000A72,0x00008AD2,False,4,0x8A
1,0x00000B13,0x00008B73,False,1,0xC2
1,0x00001476,0x000094D6,False,2,0xC0
1,0x00001BBD,0x00009C1D,False,1,0x90
1,0x000021D5,0x0000A235,False,1,0xC0
1,0x0000272A,0x0000A78A,False,1,0x90
1,0x00002C15,0x0000AC75,False,1,0xE5
1,0x00002C3D,0x0000AC9D,False,27,0xE4
1,0x000038E8,0x0000B948,False,1,0xC0
1,0x000044E6,0x0000C546,False,2,0x90
1,0x00004B23,0x0000CB83,False,9,0xC0
1,0x00005211,0x0000D271,False,1,0x90
1,0x00005445,0x0000D4A5,False,1,0xC0
1,0x00005890,0x0000D8F0,False,1,0xA3
1,0x00005A6E,0x0000DACE,False,1,0x90
1,0x00005C4B,0x0000DCAB,False,1,0xC0
1,0x00005FFB,0x0000E05B,False,2,0x90
1,0x0000638A,0x0000E3EA,False,1,0x90
1,0x00006532,0x0000E592,False,2,0xA9
1,0x00006A16,0x0000EA76,False,2,0xFF
1,0x00006A27,0x0000EA87,False,1,0x90
1,0x00006BB0,0x0000EC10,False,2,0xFF
1,0x00006D4A,0x0000EDAA,False,1,0x90
1,0x00007078,0x0000F0D8,False,1,0x90
1,0x00007A95,0x0000FAF5,False,9,0xC0
1,0x00007BF5,0x0000FC55,False,1,0x90
1,0x00007C0C,0x0000FC6C,False,1,0xE0
1,0x00007C24,0x0000FC84,False,6,0xE0
1,0x00007C2F,0x0000FC8F,False,5,0x90
1,0x00007D52,0x0000FDB2,False,1,0x7F
1,0x00007EAB,0x0000FF0B,False,1,0x90
1,0x00008012,0x00010072,False,1,0x53
1,0x00008514,0x00010574,False,1,0x90
1,0x000087C0,0x00010820,False,1,0x18
1,0x00008A0E,0x00010A6E,False,1,0xE4
1,0x00008B4A,0x00010BAA,False,1,0x90
1,0x00008C81,0x00010CE1,False,1,0xC0
1,0x00009220,0x00011280,False,1,0x90
1,0x00009A71,0x00011AD1,False,1,0xC0
1,0x00009B74,0x00011BD4,False,1,0x90
1,0x00009C73,0x00011CD3,False,1,0x90
1,0x00009D6C,0x00011DCC,False,1,0x90
1,0x00009F5D,0x00011FBD,False,1,0x12
1,0x0000A050,0x000120B0,False,2,0x50
1,0x0000A142,0x000121A2,False,1,0xC0
1,0x0000A229,0x00012289,False,1,0xC0
1,0x0000A3EC,0x0001244C,False,1,0x90
1,0x0000A4C8,0x00012528,False,1,0x90
1,0x0000A828,0x00012888,False,1,0xD2
1,0x0000A9CB,0x00012A2B,False,1,0x90
1,0x0000B322,0x00013382,False,2,0xEF
1,0x0000B3DE,0x0001343E,False,1,0x90
1,0x0000B81B,0x0001387B,False,1,0x90
1,0x0000B979,0x000139D9,False,1,0x90
1,0x0000B987,0x000139E7,False,1,0xFF
1,0x0000B98A,0x000139EA,False,1,0x74
1,0x0000B98C,0x000139EC,False,1,0x90
1,0x0000B990,0x000139F0,False,3,0x90
1,0x0000BCBC,0x00013D1C,False,3,0x90
1,0x0000C07F,0x000140DF,False,3,0xA3
1,0x0000C0E6,0x00014146,False,2,0xEF
1,0x0000C330,0x00014390,False,2,0x7B
1,0x0000C336,0x00014396,False,1,0x90
1,0x0000C675,0x000146D5,False,1,0xEF
1,0x0000C784,0x000147E4,False,1,0xC0
1,0x0000C993,0x000149F3,False,3,0xEF
1,0x0000CB75,0x00014BD5,False,3,0x10
1,0x0000CB87,0x00014BE7,False,1,0x90
1,0x0000CCF0,0x00014D50,False,1,0x90
1,0x0000CD64,0x00014DC4,False,2,0x90
1,0x0000CDD8,0x00014E38,False,1,0xC0
1,0x0000CE48,0x00014EA8,False,1,0x90
1,0x0000CEB5,0x00014F15,False,2,0xC0
1,0x0000CF8D,0x00014FED,False,1,0x90
1,0x0000CFF8,0x00015058,False,1,0xE4
1,0x0000D074,0x000150D4,False,1,0x33
1,0x0000D090,0x000150F0,False,1,0xF0
1,0x0000D2D9,0x00015339,False,1,0xE4
1,0x0000D33F,0x0001539F,False,1,0xC2
1,0x0000D3A4,0x00015404,False,8,0x90
1,0x0000D4CC,0x0001552C,False,1,0xAD
1,0x0000D58E,0x000155EE,False,1,0xE4
1,0x0000D9EA,0x00015A4A,False,1,0x7F
1,0x0000DA44,0x00015AA4,False,1,0x90
1,0x0000DB4C,0x00015BAC,False,1,0xE4
1,0x0000DBA2,0x00015C02,False,2,0x90
1,0x0000DFCB,0x0001602B,False,6,0xC0
1,0x0000E063,0x000160C3,False,1,0xC0
1,0x0000E1D8,0x00016238,False,1,0x90
1,0x0000E2AF,0x0001630F,False,1,0xC0
1,0x0000E2F6,0x00016356,False,1,0x90
1,0x0000E33C,0x0001639C,False,1,0x90
1,0x0000E3C7,0x00016427,False,1,0x90
1,0x0000E40C,0x0001646C,False,3,0x12
1,0x0000E4D7,0x00016537,False,1,0x30
1,0x0000E55D,0x000165BD,False,1,0x12
1,0x0000E61E,0x0001667E,False,2,0x7B
1,0x0000E620,0x00016680,False,1,0x90
1,0x0000E629,0x00016689,False,1,0x90
1,0x0000E6D7,0x00016737,False,1,0x12
1,0x0000E713,0x00016773,False,1,0xC0
1,0x0000E78A,0x000167EA,False,2,0x7F
1,0x0000E800,0x00016860,False,2,0x90
1,0x0000E876,0x000168D6,False,2,0xE4
1,0x0000E989,0x000169E9,False,1,0xE4
1,0x0000E9CF,0x00016A2F,False,1,0x90
1,0x0000EAE2,0x00016B42,False,1,0x78
1,0x0000EB18,0x00016B78,False,1,0x90
1,0x0000EC21,0x00016C81,False,1,0x90
1,0x0000ECEA,0x00016D4A,False,2,0x8E
1,0x0000EE06,0x00016E66,False,1,0x7E
1,0x0000EE0C,0x00016E6C,False,1,0x90
1,0x0000EE33,0x00016E93,False,1,0x12
1,0x0000EE5D,0x00016EBD,False,2,0x90
1,0x0000EED8,0x00016F38,False,1,0x90
1,0x0000EF01,0x00016F61,False,2,0x12
1,0x0000EF51,0x00016FB1,False,1,0xE4
1,0x0000EFC8,0x00017028,False,1,0xC2
1,0x0000F00F,0x0001706F,False,1,0x50
1,0x0000F0AE,0x0001710E,False,2,0x7D
1,0x0000F0C4,0x00017124,False,2,0x90
1,0x0000F0D3,0x00017133,False,1,0xC0
1,0x0000F11B,0x0001717B,False,2,0xAE
1,0x0000F1A7,0x00017207,False,1,0xE4
1,0x0000F1C9,0x00017229,False,2,0x90
1,0x0000F1EB,0x0001724B,False,1,0x90
1,0x0000F24E,0x000172AE,False,1,0x12
1,0x0000F26E,0x000172CE,False,5,0x7F
1,0x0000F272,0x000172D2,False,2,0xC0
1,0x0000F2ED,0x0001734D,False,14,0x78
1,0x0000F30C,0x0001736C,False,2,0xC0
1,0x0000F34A,0x000173AA,False,1,0xEF
1,0x0000F368,0x000173C8,False,1,0x12
1,0x0000F3A4,0x00017404,False,6,0x7B
1,0x0000F3C2,0x00017422,False,1,0x90
1,0x0000F41C,0x0001747C,False,1,0xEF
1,0x0000F4AD,0x0001750D,False,1,0x90
1,0x0000F505,0x00017565,False,2,0xED
1,0x0000F5AF,0x0001760F,False,1,0x90
1,0x0000F5FA,0x0001765A,False,5,0xAC
1,0x0000F612,0x00017672,False,1,0x90
1,0x0000F66E,0x000176CE,False,1,0xC2
1,0x0000F6B3,0x00017713,False,2,0x90
1,0x0000F6DF,0x0001773F,False,1,0xC0
1,0x0000F6F5,0x00017755,False,1,0x7B
1,0x0000F71E,0x0001777E,False,1,0xE4
1,0x0000F736,0x00017796,False,1,0x7B
1,0x0000F746,0x000177A6,False,4,0x90
1,0x0000F759,0x000177B9,False,1,0x90
1,0x0000F76C,0x000177CC,False,2,0x90
1,0x0000F791,0x000177F1,False,1,0x12
1,0x0000F7D5,0x00017835,False,6,0x7B
1,0x0000F808,0x00017868,False,1,0x7E
1,0x0000F848,0x000178A8,False,2,0xEF
1,0x0000F858,0x000178B8,False,1,0xEF
1,0x0000F868,0x000178C8,False,2,0xEF
1,0x0000F878,0x000178D8,False,2,0xEF
1,0x0000F8B7,0x00017917,False,1,0x90
1,0x0000F8C6,0x00017926,False,1,0x90
1,0x0000F8E4,0x00017944,False,4,0x90
1,0x0000F8F2,0x00017952,False,1,0xE4
1,0x0000F900,0x00017960,False,1,0x90
1,0x0000F94A,0x000179AA,False,1,0x12
1,0x0000F955,0x000179B5,False,1,0x90
1,0x0000F9A2,0x00017A02,False,1,0x12
1,0x0000F9AC,0x00017A0C,False,1,0x90
1,0x0000F9B6,0x00017A16,False,1,0x12
1,0x0000F9D2,0x00017A32,False,1,0x12
1,0x0000FA04,0x00017A64,False,1,0x90
1,0x0000FA2F,0x00017A8F,False,1,0x90
1,0x0000FA35,0x00017A95,False,2,0x90
1,0x0000FA41,0x00017AA1,False,2,0x90
1,0x0000FA47,0x00017AA7,False,1,0x90
1,0x0000FA5D,0x00017ABD,False,1,0x02
1,0x0000FA69,0x00017AC9,False,1,0xA2
1,0x0000FA75,0x00017AD5,False,1,0x22
1,0x0000FA79,0x00017AD9,False,1,0x22
1,0x0000FAA1,0x00017B01,False,1,0x22
1,0x0000FAA3,0x00017B03,False,1,0x22
1,0x0000FAA4,0x00017B04,False,1,0x22
2,0x00000000,0x00017B40,True,0,0x02
2,0x0000001B,0x00017B5B,True,0,0x01
2,0x00000053,0x00017B93,True,0,0x02
2,0x00000063,0x00017BA3,True,0,0x02
2,0x0000246C,0x00019FAC,False,5,0x88
2,0x00002492,0x00019FD2,False,2,0xBB
2,0x000024AB,0x00019FEB,False,18,0xBB
2,0x000024FA,0x0001A03A,False,1,0xBB
2,0x0000250C,0x0001A04C,False,18,0xF8
2,0x000025AB,0x0001A0EB,False,1,0xE8
2,0x000026E3,0x0001A223,False,1,0xEB
2,0x000026F4,0x0001A234,False,16,0xE8
2,0x00002707,0x0001A247,False,4,0xE8
2,0x0000273A,0x0001A27A,False,7,0xE6
2,0x00002746,0x0001A286,False,2,0xE4
2,0x00002756,0x0001A296,False,1,0xEC
2,0x00002762,0x0001A2A2,False,24,0xEC
2,0x0000276E,0x0001A2AE,False,2,0xA8
2,0x0000279F,0x0001A2DF,False,1,0xF8
2,0x000027B6,0x0001A2F6,False,1,0xEB
2,0x000027BF,0x0001A2FF,False,2,0xD0
2,0x000027E5,0x0001A325,False,2,0xEC
2,0x0000444A,0x0001BF8A,False,1,0xFF
2,0x00004597,0x0001C0D7,False,1,0x90
2,0x0000464A,0x0001C18A,False,2,0x90
2,0x00004681,0x0001C1C1,False,1,0x64
2,0x00004696,0x0001C1D6,False,1,0x74
2,0x0000469B,0x0001C1DB,False,1,0xC5
2,0x00004B3D,0x0001C67D,False,1,0xE5
2,0x00004B65,0x0001C6A5,False,2,0xE4
2,0x00005200,0x0001CD40,False,2,0x90
2,0x0000787F,0x0001F3BF,False,1,0xFC
2,0x0000798D,0x0001F4CD,False,1,0x7F
2,0x00007991,0x0001F4D1,False,2,0x90
2,0x00007F82,0x0001FAC2,False,2,0x90
2,0x00008305,0x0001FE45,False,3,0x90
2,0x000087F6,0x00020336,False,1,0x8B
2,0x0000889F,0x000203DF,False,4,0xF8
2,0x00008F3D,0x00020A7D,False,1,0x90
2,0x000091DA,0x00020D1A,False,3,0xE4
2,0x000098C3,0x00021403,False,1,0x90
2,0x00009CDD,0x0002181D,False,1,0x90
2,0x0000AD52,0x00022892,False,1,0xAB
2,0x0000AF6E,0x00022AAE,False,4,0x78
2,0x0000B67B,0x000231BB,False,1,0x7B
2,0x0000B795,0x000232D5,False,3,0xEF
2,0x0000B8A8,0x000233E8,False,1,0x90
2,0x0000BC80,0x000237C0,False,1,0x90
2,0x0000BCC6,0x00023806,False,1,0x90
2,0x0000BDD2,0x00023912,False,3,0xE0
2,0x0000BF6F,0x00023AAF,False,1,0xFC
2,0x0000BF76,0x00023AB6,False,3,0xE0
2,0x0000BF83,0x00023AC3,False,1,0x90
2,0x0000BFF1,0x00023B31,False,1,0x30
2,0x0000C00D,0x00023B4D,False,1,0x7F
2,0x0000C02D,0x00023B6D,False,1,0xEB
2,0x0000C037,0x00023B77,False,1,0xD2
2,0x0000C05F,0x00023B9F,False,16,0xAD
2,0x0000C076,0x00023BB6,False,21,0x90
2,0x0000C08C,0x00023BCC,False,4,0x90
2,0x0000C0CD,0x00023C0D,False,1,0x7B
2,0x0000C0F6,0x00023C36,False,1,0x34
2,0x0000C139,0x00023C79,False,4,0xC2
