caller,callee
0xA0060864,0xA00688D4
0xA0060864,0xA00689BC
0xA0060864,0xA0068E10
0xA0060864,0xA006953C
0xA0060864,0xA007E4F0
0xA0060864,0xA007F4A8
0xA0060864,0xA0088324
0xA0060864,0xA00885BC
0xA0060864,0xA008867C
0xA0060864,0xA0088A84
0xA0060864,0xA008A864
0xA0060864,0xA008C4D0
0xA00619EC,0xA0069A18
0xA0061A7C,0xA0069A18
0xA0061B0C,0xA0061234
0xA0061B0C,0xA0061240
0xA0061B0C,0xA0061A7C
0xA0061B0C,0xA0068CF0
0xA0061B0C,0xA0069A18
0xA0061EE4,0xA0080560
0xA0061EE4,0xA0080600
0xA0061EE4,0xA0080730
0xA0061EE4,0xA0080D10
0xA0061F98,0xA008027C
0xA00622F8,0xA0061240
0xA00622F8,0xA00621CC
0xA00622F8,0xA007F6E8
0xA0062378,0xA0069374
0xA006266C,0xA00625DC
0xA0062A28,0xA00628F8
0xA0062A58,0xA0061234
0xA0062A58,0xA0061240
0xA0062A58,0xA0061A7C
0xA0062A58,0xA00623D0
0xA0062A58,0xA006266C
0xA0062A58,0xA00628C0
0xA0062A58,0xA0062A28
0xA0062A58,0xA0068988
0xA006317C,0xA0061234
0xA006317C,0xA0061240
0xA006317C,0xA0061D90
0xA006317C,0xA0062A58
0xA006317C,0xA0068988
0xA006317C,0xA0069374
0xA00632E8,0xA006317C
0xA0063314,0xA006317C
0xA0063340,0xA0062A28
0xA0063340,0xA0068988
0xA00688D4,0xA00617B4
0xA00689BC,0xA0061228
0xA00689D4,0xA006121C
0xA0068AB0,0xA0061228
0xA0068E10,0xA0068D44
0xA0068E10,0xA0068DEC
0xA0068E10,0xA0069180
0xA0068E10,0xA006959C
0xA0068E10,0xA0069A18
0xA0068E48,0xA0061228
0xA0069080,0xA0068CF0
0xA0069080,0xA0081CF4
0xA0069180,0xA0061240
0xA0069180,0xA0068CF0
0xA0069380,0xA0069A18
0xA00693EC,0xA0069A18
0xA00694A4,0xA0069A18
0xA006959C,0xA0068CF0
0xA006968C,0xA00617B4
0xA006968C,0xA006187C
0xA00699AC,0xA0061760
0xA0069A18,0xA0069834
0xA0069A18,0xA00699AC
0xA0069E98,0xA00617B4
0xA0069EAC,0xA0080560
0xA0069EFC,0xA0080560
0xA0069EFC,0xA0080600
0xA0069F80,0xA0080560
0xA0069F80,0xA0080600
0xA0069F80,0xA0080730
0xA006A1F8,0xA0080600
0xA006A1F8,0xA0080D58
0xA006A3A0,0xA0068CF0
0xA006A3A0,0xA0080730
0xA006A4B0,0xA0080600
0xA006A4B0,0xA0080730
0xA006A4B0,0xA0080DF0
0xA006A584,0xA0080730
0xA006A618,0xA0069A18
0xA006A618,0xA0080600
0xA006A618,0xA0080730
0xA006A858,0xA006A618
0xA006A858,0xA0080600
0xA006A858,0xA0080730
0xA006AA00,0xA006A858
0xA006AA00,0xA0080600
0xA006AA00,0xA0080730
0xA006AD24,0xA0080600
0xA006AD58,0xA006E7E8
0xA006AD78,0xA0080560
0xA006AD78,0xA0080600
0xA006AD78,0xA0080730
0xA006ADF4,0xA0080560
0xA006AE40,0xA0080560
0xA006AE40,0xA0080600
0xA006AE40,0xA0080730
0xA006AF88,0xA007FF64
0xA006AF88,0xA0080600
0xA006AF88,0xA0080730
0xA006B2E8,0xA0080560
0xA006B328,0xA0080560
0xA006B368,0xA0080B04
0xA006B388,0xA0080B04
0xA006B3BC,0xA0080560
0xA006B3BC,0xA0080730
0xA006B3BC,0xA0080D10
0xA006B47C,0xA0080560
0xA006B6DC,0xA0080560
0xA006B6DC,0xA0080C08
0xA006B870,0xA0068CF0
0xA006B918,0xA006B7E4
0xA006B918,0xA006B870
0xA006B918,0xA006B8D0
0xA006B918,0xA006B8DC
0xA006BA44,0xA0080560
0xA006BA44,0xA0080600
0xA006BA6C,0xA0068CF0
0xA006BA6C,0xA006B2E8
0xA006BA6C,0xA006B47C
0xA006BA6C,0xA006BA44
0xA006BA6C,0xA0080560
0xA006BA6C,0xA0080600
0xA006BA6C,0xA0080730
0xA006BA6C,0xA0080928
0xA006BC24,0xA006E7A4
0xA006BC24,0xA006E810
0xA006BCC8,0xA006BC24
0xA006BCC8,0xA0080560
0xA006BD34,0xA0069A18
0xA006BD34,0xA0080600
0xA006BDB0,0xA006B7E4
0xA006BDB0,0xA006B870
0xA006BE28,0xA0080560
0xA006BE4C,0xA0068CF0
0xA006BE4C,0xA0069374
0xA006BE4C,0xA0069A18
0xA006BE4C,0xA0069E98
0xA006BE4C,0xA006B8DC
0xA006BE4C,0xA006BC24
0xA006BE4C,0xA006BD34
0xA006BE4C,0xA006BD88
0xA006BE4C,0xA006BE28
0xA006BE4C,0xA006DBB4
0xA006BE4C,0xA0080560
0xA006BE4C,0xA0080600
0xA006BE4C,0xA00813AC
0xA006C250,0xA0080560
0xA006C250,0xA0080730
0xA006C298,0xA0080730
0xA006C424,0xA006C2E8
0xA006C424,0xA0080560
0xA006C424,0xA0080730
0xA006C424,0xA0080D10
0xA006C694,0xA0080730
0xA006C6D0,0xA0080560
0xA006C784,0xA0080560
0xA006C784,0xA0080600
0xA006C784,0xA0080730
0xA006C7F0,0xA006BA44
0xA006C7F0,0xA0080560
0xA006C7F0,0xA0080600
0xA006C7F0,0xA0080730
0xA006C8C8,0xA0080560
0xA006C8C8,0xA0080600
0xA006C8F0,0xA0068B68
0xA006C8F0,0xA006DEA4
0xA006C8F0,0xA006DEC4
0xA006C8F0,0xA0080560
0xA006C8F0,0xA0080600
0xA006C8F0,0xA0080730
0xA006CBF8,0xA0080600
0xA006CC20,0xA0080560
0xA006CC20,0xA0080600
0xA006CC20,0xA0080D10
0xA006CD6C,0xA0069374
0xA006CD6C,0xA006B6DC
0xA006CD6C,0xA0080560
0xA006CE40,0xA0068CF0
0xA006CE40,0xA006C6D0
0xA006CE40,0xA006C740
0xA006CEF4,0xA006C6D0
0xA006CEF4,0xA006C740
0xA006CF58,0xA006C6D0
0xA006CF58,0xA006C740
0xA006CF58,0xA0081D38
0xA006CFE8,0xA006C6D0
0xA006CFE8,0xA006C740
0xA006CFE8,0xA0081D38
0xA006D028,0xA0069EFC
0xA006D028,0xA006CF58
0xA006D028,0xA006CFE8
0xA006D028,0xA0080600
0xA006D028,0xA0080730
0xA006D028,0xA0087ADC
0xA006D190,0xA0069F80
0xA006D190,0xA006A124
0xA006D190,0xA006A4B0
0xA006D190,0xA006AA00
0xA006D190,0xA006AF88
0xA006D190,0xA006D028
0xA006D190,0xA0080600
0xA006D190,0xA0080730
0xA006D318,0xA006C6D0
0xA006D318,0xA006C740
0xA006D318,0xA0081D38
0xA006D318,0xA0081DC8
0xA006D35C,0xA0068CF0
0xA006D35C,0xA006C6D0
0xA006D35C,0xA006C740
0xA006D35C,0xA006D318
0xA006D35C,0xA0081DC8
0xA006D420,0xA006C6D0
0xA006D420,0xA006C740
0xA006D420,0xA0081DC8
0xA006D494,0xA006C6D0
0xA006D494,0xA006C740
0xA006D494,0xA0081DC8
0xA006D518,0xA0080928
0xA006D588,0xA0068E9C
0xA006D588,0xA0068F68
0xA006D5B0,0xA0068F1C
0xA006D5B0,0xA0068FE8
0xA006D5D8,0xA006A5FC
0xA006D5D8,0xA006C8F0
0xA006D5D8,0xA006D5B0
0xA006D5D8,0xA006DDC4
0xA006D658,0xA006A584
0xA006D658,0xA006C8F0
0xA006D658,0xA006D588
0xA006D658,0xA006D5B0
0xA006D658,0xA006DBE8
0xA006D658,0xA006DCC4
0xA006D658,0xA006DF34
0xA006D658,0xA0080600
0xA006D658,0xA0080730
0xA006D718,0xA006BCC8
0xA006D718,0xA0080730
0xA006D75C,0xA0068988
0xA006D75C,0xA006DBA8
0xA006D930,0xA006A4A0
0xA006D930,0xA006B918
0xA006D930,0xA006D190
0xA006D930,0xA006D588
0xA006D930,0xA006D5B0
0xA006D930,0xA006D658
0xA006D930,0xA006D75C
0xA006D930,0xA006DB48
0xA006D930,0xA00804E4
0xA006D930,0xA0080730
0xA006D930,0xA0080DF0
0xA006DA5C,0xA0080600
0xA006DA5C,0xA0080730
0xA006DBB4,0xA006DBA8
0xA006DBE8,0xA006DBB4
0xA006DBE8,0xA00814B0
0xA006DCC4,0xA006DBB4
0xA006DCC4,0xA00813AC
0xA006DCC4,0xA00814B0
0xA006DDC4,0xA006DBB4
0xA006DDC4,0xA00813AC
0xA006DDC4,0xA00814B0
0xA006DEA4,0xA006DBB4
0xA006DEA4,0xA00813AC
0xA006DEC4,0xA006DBB4
0xA006DEC4,0xA00814B0
0xA006DF34,0xA006DBB4
0xA006DF34,0xA007FF64
0xA006DF34,0xA0081250
0xA006DF34,0xA00813AC
0xA006DF34,0xA00814B0
0xA006E7A4,0xA006DBB4
0xA006E7A4,0xA0081250
0xA006E7E8,0xA006DBB4
0xA006E7E8,0xA00813AC
0xA006E810,0xA006DBB4
0xA006E810,0xA0081250
0xA006E83C,0xA006DBB4
0xA006E83C,0xA00814B0
0xA006E95C,0xA008164C
0xA006E95C,0xA00816FC
0xA006EA78,0xA00816A8
0xA006EA78,0xA00816FC
0xA006EAE4,0xA006E95C
0xA006EAE4,0xA008164C
0xA006EAE4,0xA00816A8
0xA006EAE4,0xA00816FC
0xA006EBF0,0xA00726FC
0xA006EBF0,0xA0072DFC
0xA006EBF0,0xA0072E10
0xA006EBF0,0xA007FF64
0xA006EBF0,0xA00816A8
0xA006EBF0,0xA00816FC
0xA006ED20,0xA006EA78
0xA006ED20,0xA006EAE4
0xA006ED20,0xA006EBF0
0xA006ED20,0xA0071FF0
0xA006ED20,0xA00720B8
0xA006ED20,0xA00720F8
0xA006ED20,0xA0072204
0xA006ED20,0xA00722F8
0xA006ED20,0xA0072300
0xA006ED20,0xA0072794
0xA006EE1C,0xA0068CF0
0xA006EE1C,0xA00816A8
0xA006EF40,0xA008164C
0xA006EF40,0xA00816A8
0xA006F0CC,0xA006EE1C
0xA006F0CC,0xA006EF40
0xA006F148,0xA006F0CC
0xA006F184,0xA006F0CC
0xA006F1BC,0xA006F0CC
0xA006F1E8,0xA006F0CC
0xA006F214,0xA006F1BC
0xA006F2BC,0xA006F1BC
0xA006F328,0xA006F1BC
0xA006F3A0,0xA006F148
0xA006F404,0xA006F148
0xA006F45C,0xA006F1E8
0xA006F6C0,0xA006F1BC
0xA006F724,0xA006F1E8
0xA006F958,0xA0068CF0
0xA006F958,0xA006F214
0xA006F958,0xA006F328
0xA006F958,0xA006F724
0xA006F958,0xA006F7FC
0xA006F958,0xA006F8EC
0xA006F958,0xA00723B4
0xA006F958,0xA007281C
0xA006FC80,0xA0068CF0
0xA006FC80,0xA0069E98
0xA006FC80,0xA006F214
0xA006FC80,0xA006F328
0xA006FC80,0xA006F724
0xA006FC80,0xA006F7FC
0xA006FC80,0xA006F8C0
0xA006FC80,0xA006FBA8
0xA006FC80,0xA00723B4
0xA006FC80,0xA007281C
0xA006FF4C,0xA0072204
0xA006FF4C,0xA00816A8
0xA006FFAC,0xA008164C
0xA006FFAC,0xA00816A8
0xA006FFAC,0xA00816FC
0xA0070038,0xA0069A18
0xA0070038,0xA0069E98
0xA0070038,0xA006E95C
0xA0070038,0xA006F2BC
0xA0070038,0xA006F3A0
0xA0070038,0xA006F404
0xA0070038,0xA006F5EC
0xA0070038,0xA006F6C0
0xA0070038,0xA006F8C0
0xA0070038,0xA006F8EC
0xA0070038,0xA006F958
0xA0070038,0xA006FC80
0xA0070038,0xA006FF28
0xA0070038,0xA006FF4C
0xA0070038,0xA006FFAC
0xA0070038,0xA007281C
0xA0070038,0xA00816A8
0xA007078C,0xA006F148
0xA007078C,0xA006F184
0xA007078C,0xA006F1E8
0xA007078C,0xA0072204
0xA007078C,0xA00723B4
0xA007078C,0xA0072794
0xA007078C,0xA007281C
0xA007078C,0xA008164C
0xA007078C,0xA00816A8
0xA007078C,0xA00816FC
0xA007078C,0xA0081948
0xA0070D58,0xA008800C
0xA0070E3C,0xA008800C
0xA0070EAC,0xA0087F44
0xA0070F1C,0xA0069A18
0xA0070F1C,0xA006F724
0xA0070F1C,0xA006FBA8
0xA0070F1C,0xA0070EAC
0xA0070F1C,0xA008164C
0xA0071018,0xA0070EAC
0xA0071018,0xA0072308
0xA0071058,0xA00816A8
0xA00710C0,0xA0069A18
0xA00710C0,0xA00816FC
0xA0071194,0xA0069A18
0xA0071194,0xA0069E98
0xA0071194,0xA006F45C
0xA0071194,0xA0070038
0xA0071194,0xA007078C
0xA0071194,0xA0070D58
0xA0071194,0xA0070E3C
0xA0071194,0xA0070EAC
0xA0071194,0xA0070F1C
0xA0071194,0xA0071120
0xA0071194,0xA007115C
0xA0071194,0xA0072794
0xA0071518,0xA00816FC
0xA0071568,0xA008164C
0xA007158C,0xA0068CF0
0xA007158C,0xA00816A8
0xA007158C,0xA00816FC
0xA00715E8,0xA008164C
0xA00715E8,0xA0081830
0xA00716BC,0xA0069374
0xA00716BC,0xA008164C
0xA00716BC,0xA00816A8
0xA00717A4,0xA0069374
0xA00717A4,0xA0069A18
0xA00717A4,0xA00715E8
0xA00717A4,0xA008164C
0xA00717A4,0xA00816A8
0xA00717A4,0xA00816FC
0xA0071A78,0xA0071194
0xA0071A78,0xA00716BC
0xA0071A78,0xA00717A4
0xA0071A78,0xA0088A38
0xA0071A78,0xA0088A48
0xA0071B04,0xA0068CF0
0xA0071B04,0xA0081AC8
0xA0071F24,0xA0081AC8
0xA0071FF0,0xA0071F24
0xA0071FF0,0xA00818A0
0xA0071FF0,0xA0081948
0xA0071FF0,0xA00819EC
0xA00720B8,0xA00819EC
0xA00720F8,0xA00819EC
0xA0072204,0xA0071B04
0xA0072204,0xA0072194
0xA0072308,0xA00818A0
0xA00723B4,0xA0081AC8
0xA00723B4,0xA0081BA8
0xA0072794,0xA0081B14
0xA007281C,0xA0072794
0xA007281C,0xA00818A0
0xA007281C,0xA0081948
0xA007281C,0xA00819EC
0xA0072E10,0xA0068CF0
0xA0072E10,0xA0069A18
0xA0072E10,0xA0072DFC
0xA0072E88,0xA0068CF0
0xA0072E88,0xA0069A18
0xA0072E88,0xA0072DFC
0xA0072F1C,0xA0080088
0xA0072F1C,0xA008027C
0xA0072F7C,0xA0068CF0
0xA0072F7C,0xA0068E64
0xA0072F7C,0xA0068E80
0xA0072F7C,0xA0072F1C
0xA0072F7C,0xA0080088
0xA0072F7C,0xA008027C
0xA0072F7C,0xA00828BC
0xA0073170,0xA0080040
0xA0073170,0xA008027C
0xA00731C8,0xA0080040
0xA00733A4,0xA0069374
0xA00733D4,0xA0080040
0xA0073414,0xA0080088
0xA00734B4,0xA0080040
0xA00734B4,0xA0080088
0xA00734B4,0xA008027C
0xA0073544,0xA0080040
0xA0073564,0xA0073544
0xA0073564,0xA0080040
0xA0073564,0xA008027C
0xA0073564,0xA0081220
0xA00737E4,0xA0073544
0xA00737E4,0xA008027C
0xA007382C,0xA0080040
0xA0073854,0xA0080088
0xA0073888,0xA008027C
0xA00738C4,0xA008027C
0xA00738F4,0xA0073544
0xA00738F4,0xA0080040
0xA0073954,0xA0080040
0xA00739A4,0xA007DC14
0xA00739A4,0xA007DC70
0xA00739A4,0xA0080088
0xA00739A4,0xA008027C
0xA0073A5C,0xA0073A3C
0xA0073A5C,0xA0080040
0xA0073A5C,0xA00803FC
0xA0073AC4,0xA00803FC
0xA0073AE4,0xA0073A3C
0xA0073AE4,0xA0080040
0xA0073AE4,0xA00803FC
0xA0073B4C,0xA00803FC
0xA0073B6C,0xA00803FC
0xA0073B8C,0xA00803FC
0xA0073BAC,0xA00803FC
0xA0073BCC,0xA00803FC
0xA0073BEC,0xA00738F4
0xA0073BEC,0xA0073954
0xA0073BEC,0xA0080040
0xA0073DCC,0xA0080040
0xA0073EE4,0xA006895C
0xA0073EE4,0xA007FFFC
0xA0073FA8,0xA006895C
0xA0073FA8,0xA007FFFC
0xA007406C,0xA006895C
0xA007406C,0xA007FFFC
0xA0074140,0xA006895C
0xA0074140,0xA007FFFC
0xA007420C,0xA006895C
0xA007420C,0xA007FFFC
0xA00742E0,0xA0068CF0
0xA00742E0,0xA0069374
0xA00742E0,0xA0072F00
0xA00742E0,0xA0073170
0xA00742E0,0xA00731C8
0xA00742E0,0xA00733A4
0xA00742E0,0xA00733D4
0xA00742E0,0xA0073EE4
0xA00742E0,0xA0073FA8
0xA00742E0,0xA007406C
0xA00742E0,0xA0074140
0xA00742E0,0xA007420C
0xA00742E0,0xA0075E7C
0xA00742E0,0xA0080040
0xA00742E0,0xA0080088
0xA00742E0,0xA008027C
0xA0074848,0xA0080040
0xA00748B8,0xA0080040
0xA0074918,0xA008027C
0xA0074A54,0xA0080040
0xA0074A70,0xA0074848
0xA0074A70,0xA00748B8
0xA0074A70,0xA0075CC4
0xA0074A70,0xA0080040
0xA0074B40,0xA0075CC4
0xA0074B88,0xA0073A5C
0xA0074B88,0xA0073AC4
0xA0074B88,0xA0073AE4
0xA0074B88,0xA0073B4C
0xA0074B88,0xA0073B6C
0xA0074B88,0xA0073B8C
0xA0074B88,0xA0073BAC
0xA0074B88,0xA0073BCC
0xA0074B88,0xA00748B8
0xA0074B88,0xA0074A70
0xA0074B88,0xA0074B40
0xA0074B88,0xA0080040
0xA0074C70,0xA00738F4
0xA0074C70,0xA0080040
0xA0074C70,0xA0080088
0xA0074D10,0xA0074B40
0xA0074D10,0xA008012C
0xA0074DA8,0xA0069374
0xA0074DA8,0xA0074D10
0xA0074E4C,0xA00632E8
0xA0074E4C,0xA0063314
0xA0074E4C,0xA0068E48
0xA0074E4C,0xA0080040
0xA0074E4C,0xA0080088
0xA00750BC,0xA008027C
0xA0075104,0xA006895C
0xA0075124,0xA00694A4
0xA007515C,0xA00693EC
0xA00751A4,0xA00811BC
0xA00751A4,0xA0081200
0xA00753A4,0xA006895C
0xA00753A4,0xA0068CF0
0xA00753A4,0xA0069A18
0xA00753A4,0xA0069E98
0xA00753A4,0xA0075384
0xA00753A4,0xA00810AC
0xA00753A4,0xA00811BC
0xA00753A4,0xA0081200
0xA00753A4,0xA0081220
0xA00759C4,0xA0069A18
0xA00759C4,0xA0075104
0xA00759C4,0xA0075124
0xA00759C4,0xA007515C
0xA00759C4,0xA00753A4
0xA0075A44,0xA0069A18
0xA0075A44,0xA00750DC
0xA0075A44,0xA00751A4
0xA0075A44,0xA0075384
0xA0075A44,0xA00811BC
0xA0075A44,0xA0081220
0xA0075AAC,0xA0069A18
0xA0075AAC,0xA00751A4
0xA0075AAC,0xA0075384
0xA0075AAC,0xA00811BC
0xA0075AAC,0xA0081220
0xA0075CC4,0xA0068B68
0xA0075CC4,0xA00810AC
0xA0075CC4,0xA0081220
0xA0075D28,0xA0075CC4
0xA0075D80,0xA0069A18
0xA0075D80,0xA0075D28
0xA0075D80,0xA00810AC
0xA0075E90,0xA006895C
0xA0075E90,0xA0069A18
0xA0075F78,0xA0068CF0
0xA0075F78,0xA0069A18
0xA0075F78,0xA00810AC
0xA0075F78,0xA00811BC
0xA0075F78,0xA0081220
0xA0076380,0xA0069A18
0xA0076B24,0xA0069A18
0xA0076B24,0xA0069E98
0xA0076CBC,0xA006895C
0xA0076CBC,0xA0069A18
0xA0076CBC,0xA0076380
0xA0076CBC,0xA0076B24
0xA0076CBC,0xA00810AC
0xA0076CBC,0xA00811BC
0xA0076CBC,0xA0081220
0xA00778F4,0xA0069A18
0xA00778F4,0xA0075AAC
0xA00778F4,0xA0081220
0xA0077D50,0xA0068CF0
0xA0077D50,0xA0069A18
0xA0077D50,0xA00810AC
0xA0077D50,0xA00811BC
0xA0077D50,0xA0081220
0xA00780A4,0xA0069374
0xA00780A4,0xA0069A18
0xA00780A4,0xA0075AAC
0xA00780A4,0xA00810AC
0xA00780A4,0xA00811BC
0xA0078374,0xA0068CF0
0xA0078374,0xA0069374
0xA0078374,0xA0069A18
0xA0078374,0xA00810AC
0xA0078374,0xA00811BC
0xA0078374,0xA0081220
0xA0078884,0xA0069A18
0xA00788D0,0xA0069A18
0xA00788D0,0xA0075AAC
0xA00788D0,0xA00810AC
0xA00788D0,0xA0081200
0xA00791B8,0xA0068CF0
0xA00791B8,0xA00811BC
0xA00791B8,0xA0081220
0xA00792D0,0xA0069A18
0xA00792D0,0xA00791B8
0xA00792D0,0xA00811BC
0xA00792D0,0xA0081220
0xA007978C,0xA0069A18
0xA007978C,0xA0075AAC
0xA00799AC,0xA0075CC4
0xA00799AC,0xA0081200
0xA0079A18,0xA0068988
0xA0079A18,0xA0069374
0xA0079A18,0xA0069A18
0xA0079A18,0xA00791B8
0xA0079A18,0xA00810AC
0xA0079A18,0xA0081220
0xA0079E24,0xA0069A18
0xA0079E24,0xA00799AC
0xA0079E24,0xA0079A18
0xA0079F50,0xA00811BC
0xA0079F80,0xA0080040
0xA0079FA4,0xA0080040
0xA0079FC0,0xA0080040
0xA0079FE4,0xA0069A18
0xA0079FE4,0xA0075D28
0xA0079FE4,0xA0079FC0
0xA0079FE4,0xA0081200
0xA007A238,0xA00694A4
0xA007A238,0xA0069A18
0xA007A238,0xA00751A4
0xA007A238,0xA0075D80
0xA007A238,0xA0075E7C
0xA007A238,0xA0079E24
0xA007A238,0xA0079F80
0xA007A238,0xA0079FE4
0xA007A238,0xA0080040
0xA007A238,0xA0081100
0xA007A238,0xA0081220
0xA007A4A8,0xA0068CF0
0xA007A4A8,0xA0069A18
0xA007A4A8,0xA0069E98
0xA007A4A8,0xA0075AAC
0xA007A4A8,0xA0075E90
0xA007A4A8,0xA0075F78
0xA007A4A8,0xA007A238
0xA007A4A8,0xA00811BC
0xA007A4A8,0xA0081220
0xA007AEB4,0xA0068CF0
0xA007AEB4,0xA0069A18
0xA007AEB4,0xA0069E98
0xA007AEB4,0xA007A238
0xA007AEB4,0xA00811BC
0xA007AEB4,0xA0081220
0xA007B7F8,0xA0069A18
0xA007B7F8,0xA0069E98
0xA007B7F8,0xA007A238
0xA007B7F8,0xA00811BC
0xA007B7F8,0xA0081220
0xA007B940,0xA0080040
0xA007B95C,0xA0075E7C
0xA007B95C,0xA007B940
0xA007B95C,0xA0080040
0xA007B9F0,0xA0069A18
0xA007B9F0,0xA0069E98
0xA007B9F0,0xA007B95C
0xA007B9F0,0xA00810AC
0xA007BACC,0xA0069A18
0xA007BACC,0xA0069E98
0xA007BACC,0xA0075AAC
0xA007BACC,0xA0075E7C
0xA007BACC,0xA0078870
0xA007BACC,0xA0078884
0xA007BACC,0xA007B9F0
0xA007BACC,0xA00810AC
0xA007BACC,0xA0081200
0xA007BF38,0xA0069A18
0xA007BF38,0xA0075AAC
0xA007BF38,0xA0075E7C
0xA007BF38,0xA0078870
0xA007BF38,0xA0078884
0xA007BF38,0xA007B9F0
0xA007BF38,0xA00810AC
0xA007BF38,0xA00811BC
0xA007BF38,0xA0081200
0xA007BF38,0xA0081220
0xA007D078,0xA0069A18
0xA007D078,0xA007A238
0xA007D078,0xA007B95C
0xA007D16C,0xA0069A18
0xA007D16C,0xA0069E98
0xA007D16C,0xA007A238
0xA007D16C,0xA007B95C
0xA007D16C,0xA00811BC
0xA007D16C,0xA0081220
0xA007D44C,0xA008027C
0xA007D46C,0xA008027C
0xA007D49C,0xA008027C
0xA007D4BC,0xA006895C
0xA007D4BC,0xA0068B68
0xA007D4BC,0xA0069374
0xA007D4BC,0xA0069A18
0xA007D4BC,0xA0069E98
0xA007D4BC,0xA0075CC4
0xA007D4BC,0xA0075E7C
0xA007D4BC,0xA0079FA4
0xA007D4BC,0xA0079FC0
0xA007D4BC,0xA007A238
0xA007D4BC,0xA007B95C
0xA007D4BC,0xA007D44C
0xA007D4BC,0xA007D46C
0xA007D4BC,0xA007D49C
0xA007D4BC,0xA00811BC
0xA007D4BC,0xA0081200
0xA007D4BC,0xA0081220
0xA007DC14,0xA00811BC
0xA007DC84,0xA0061234
0xA007DC84,0xA0061240
0xA007DC84,0xA00619EC
0xA007DCFC,0xA0061234
0xA007DCFC,0xA0061240
0xA007DCFC,0xA00619EC
0xA007DD74,0xA0061234
0xA007DD74,0xA0061240
0xA007DD74,0xA00619EC
0xA007DDD0,0xA0061234
0xA007DDD0,0xA0061240
0xA007DDD0,0xA00619EC
0xA007DE2C,0xA0061234
0xA007DE2C,0xA0061240
0xA007DE2C,0xA00619EC
0xA007DE88,0xA0061234
0xA007DE88,0xA0061240
0xA007DE88,0xA00619EC
0xA007DF00,0xA0061234
0xA007DF00,0xA0061240
0xA007DF00,0xA00619EC
0xA007DF44,0xA0061234
0xA007DF44,0xA0061240
0xA007DF44,0xA00619EC
0xA007DFBC,0xA0061234
0xA007DFBC,0xA0061240
0xA007DFBC,0xA00619EC
0xA007E034,0xA0061234
0xA007E034,0xA0061240
0xA007E034,0xA00619EC
0xA007E23C,0xA0061F98
0xA007E2EC,0xA0061234
0xA007E2EC,0xA0061240
0xA007E2EC,0xA00619EC
0xA007E4F0,0xA0061234
0xA007E4F0,0xA0061240
0xA007E4F0,0xA00617B4
0xA007E4F0,0xA00619EC
0xA007E4F0,0xA00622F8
0xA007E4F0,0xA0068988
0xA007E4F0,0xA0069A18
0xA007E4F0,0xA007DC84
0xA007E4F0,0xA007DCFC
0xA007E4F0,0xA007DE2C
0xA007E4F0,0xA007DE88
0xA007E4F0,0xA007DF44
0xA007E4F0,0xA007DFBC
0xA007E4F0,0xA007E034
0xA007E4F0,0xA007E23C
0xA007E4F0,0xA007E2C0
0xA007E4F0,0xA007E2EC
0xA007E61C,0xA0061234
0xA007E61C,0xA0061240
0xA007E61C,0xA00617B4
0xA007E61C,0xA00619EC
0xA007E61C,0xA0068CF0
0xA007E61C,0xA0069A18
0xA007E934,0xA0069E98
0xA007E934,0xA007DC84
0xA007E934,0xA007DCFC
0xA007E934,0xA007DE88
0xA007E934,0xA007DF44
0xA007E934,0xA007DFBC
0xA007E9A4,0xA0069E98
0xA007E9A4,0xA007DC84
0xA007E9A4,0xA007DCFC
0xA007E9A4,0xA007DE88
0xA007E9A4,0xA007DF44
0xA007E9A4,0xA007DFBC
0xA007EA18,0xA0074938
0xA007EA18,0xA0080D10
0xA007EA9C,0xA0080D58
0xA007EB30,0xA0061234
0xA007EB30,0xA0061240
0xA007EB30,0xA00619EC
0xA007EDB4,0xA0061234
0xA007EDB4,0xA0061240
0xA007EDB4,0xA00619EC
0xA007EEEC,0xA0063340
0xA007EEEC,0xA007DD74
0xA007EEEC,0xA007DDD0
0xA007EEEC,0xA007DF00
0xA007EEEC,0xA007E2C0
0xA007EEEC,0xA007E9A4
0xA007EEEC,0xA007EB30
0xA007EEEC,0xA007EDB4
0xA007F0A8,0xA0069374
0xA007F128,0xA0080040
0xA007F128,0xA0080560
0xA007F128,0xA0080600
0xA007F3F4,0xA0061234
0xA007F3F4,0xA0061240
0xA007F3F4,0xA00619EC
0xA007F3F4,0xA007E294
0xA007F3F4,0xA007E2C0
0xA007F3F4,0xA007EDB4
0xA007F4A8,0xA0061240
0xA007F4A8,0xA00617B4
0xA007F4A8,0xA0061B0C
0xA007F4A8,0xA0062378
0xA007F4A8,0xA0069374
0xA007F4A8,0xA0069A18
0xA007F4A8,0xA007E61C
0xA007F4A8,0xA007E884
0xA007F4A8,0xA007E934
0xA007F4A8,0xA007E9A4
0xA007F4A8,0xA007EA18
0xA007F4A8,0xA007EA9C
0xA007F4A8,0xA007EEEC
0xA007F4A8,0xA007F0A8
0xA007F4A8,0xA007F0DC
0xA007F4A8,0xA007F128
0xA007F4A8,0xA007F3F4
0xA007F74C,0xA00636D0
0xA007F990,0xA0068B68
0xA007F990,0xA007F768
0xA007F990,0xA007F888
0xA007F990,0xA007F930
0xA007FB40,0xA007F990
0xA007FD40,0xA007F990
0xA007FD40,0xA007FB40
0xA007FD40,0xA00887D4
0xA007FE5C,0xA007F990
0xA007FE5C,0xA007FB40
0xA00803FC,0xA0080394
0xA0080560,0xA0080478
0xA0080560,0xA0080514
0xA0080560,0xA0080538
0xA0080600,0xA0080478
0xA0080600,0xA0080514
0xA0080600,0xA0080538
0xA0080730,0xA0080478
0xA0080730,0xA0080514
0xA0080730,0xA0080538
0xA0080928,0xA0080478
0xA0080928,0xA0080514
0xA0080928,0xA0080538
0xA00809FC,0xA0080478
0xA00809FC,0xA0080514
0xA00809FC,0xA0080538
0xA0080B04,0xA0080478
0xA0080B04,0xA0080514
0xA0080B04,0xA0080538
0xA0080B04,0xA0080928
0xA0080C08,0xA0080478
0xA0080C08,0xA0080514
0xA0080C08,0xA0080538
0xA0080C08,0xA00809FC
0xA00811BC,0xA0081100
0xA00811BC,0xA0081144
0xA00811BC,0xA008116C
0xA0081200,0xA0081100
0xA0081200,0xA00811A0
0xA0081220,0xA0081058
0xA0081220,0xA00810AC
0xA0081830,0xA0081798
0xA0081EE4,0xA0081ED0
0xA008205C,0xA0080F94
0xA00820A0,0xA0080F00
0xA00820A0,0xA0080F4C
0xA0082650,0xA008260C
0xA0082818,0xA0080600
0xA0082818,0xA0081ED0
0xA0082818,0xA008270C
0xA0082818,0xA0082794
0xA0082818,0xA00827AC
0xA00828BC,0xA007FF64
0xA00828BC,0xA00801A0
0xA00828BC,0xA0082794
0xA00828BC,0xA0082818
0xA0082E24,0xA0069A18
0xA0083064,0xA008027C
0xA0083064,0xA0080600
0xA0083064,0xA0080730
0xA008349C,0xA0080F00
0xA008349C,0xA0080F94
0xA0083530,0xA0080F4C
0xA0083530,0xA0080F94
0xA00835F4,0xA0080560
0xA00835F4,0xA0080730
0xA0083654,0xA0080600
0xA0083654,0xA0080730
0xA00836BC,0xA0080560
0xA00836BC,0xA0080F4C
0xA00836BC,0xA0080F94
0xA00836BC,0xA00820A0
0xA00836BC,0xA00835F4
0xA00836BC,0xA0083654
0xA00837BC,0xA0080C08
0xA00837D4,0xA0080560
0xA0083830,0xA0080D58
0xA0083858,0xA0080D10
0xA0083878,0xA0080D10
0xA0083898,0xA0080730
0xA0083898,0xA0080D58
0xA0083914,0xA0080730
0xA0083914,0xA0083654
0xA0083950,0xA0069A18
0xA0083950,0xA0081EE4
0xA0083950,0xA0081F8C
0xA0083950,0xA00836BC
0xA0083950,0xA00837BC
0xA0083950,0xA0083830
0xA0083950,0xA0083858
0xA0083950,0xA0083878
0xA0083950,0xA0083898
0xA0083950,0xA0083914
0xA0083B28,0xA0069374
0xA0083B28,0xA0080560
0xA0083B28,0xA0080D58
0xA0083B28,0xA0083858
0xA0083CC0,0xA0080560
0xA0083CC0,0xA0080F00
0xA0083CC0,0xA0080F4C
0xA0083CC0,0xA0080F94
0xA0083CC0,0xA0083450
0xA0084518,0xA0069EAC
0xA0084518,0xA00837BC
0xA0084518,0xA00837D4
0xA00845B8,0xA0080F94
0xA00845B8,0xA0082DE4
0xA00845B8,0xA0084518
0xA00846D8,0xA0068988
0xA00846D8,0xA0081EE4
0xA00846D8,0xA0081F8C
0xA00846D8,0xA00820A0
0xA00846D8,0xA0083530
0xA00846D8,0xA00836BC
0xA00846D8,0xA0083B28
0xA00846D8,0xA00845B8
0xA00848B0,0xA0069E98
0xA00848B0,0xA008027C
0xA00848B0,0xA0081EE4
0xA00848B0,0xA0081F8C
0xA00848B0,0xA008205C
0xA00848B0,0xA0082B74
0xA00848B0,0xA0082DE4
0xA00848B0,0xA0082E24
0xA00848B0,0xA0083064
0xA00848B0,0xA0083950
0xA00848B0,0xA0083CC0
0xA00848B0,0xA00845B8
0xA00848B0,0xA00846D8
0xA0084AE4,0xA0068988
0xA0084AE4,0xA006DA5C
0xA0084AE4,0xA0074918
0xA0084AE4,0xA0080F00
0xA0084AE4,0xA0082100
0xA0084AE4,0xA0082140
0xA0084AE4,0xA0082378
0xA0084AE4,0xA00824DC
0xA0084AE4,0xA0082588
0xA0084AE4,0xA00825A4
0xA0084AE4,0xA00828BC
0xA0084AE4,0xA00848B0
0xA0084D24,0xA0081BFC
0xA0084F64,0xA0069A18
0xA0084F64,0xA0080040
0xA0084F64,0xA0080088
0xA0084F64,0xA008027C
0xA0084F64,0xA0084F48
0xA008513C,0xA0080040
0xA008513C,0xA0080088
0xA0085278,0xA0069A18
0xA0085278,0xA0080560
0xA0085278,0xA0080600
0xA0085278,0xA0080730
0xA0085278,0xA0084F48
0xA0085458,0xA0080600
0xA0085458,0xA0080730
0xA0085458,0xA0084F48
0xA00856A8,0xA008027C
0xA00856A8,0xA0080730
0xA00857E4,0xA0080040
0xA00857E4,0xA0080088
0xA00857E4,0xA008027C
0xA00858F8,0xA0069380
0xA00858F8,0xA0069A18
0xA00858F8,0xA007F990
0xA00858F8,0xA0080088
0xA00858F8,0xA008027C
0xA00858F8,0xA0084ED8
0xA00858F8,0xA0084F64
0xA00858F8,0xA0085080
0xA00858F8,0xA008513C
0xA00858F8,0xA0085278
0xA00858F8,0xA0085458
0xA00858F8,0xA00856A8
0xA00858F8,0xA00857E4
0xA0085D34,0xA007F990
0xA0085D34,0xA0081BFC
0xA0085D34,0xA0081C38
0xA0085D34,0xA0084D24
0xA0085F1C,0xA0081BFC
0xA0085F1C,0xA0081CBC
0xA0085FF0,0xA0081BFC
0xA0085FF0,0xA0081CBC
0xA00861DC,0xA0068B68
0xA00861DC,0xA0068CF0
0xA00861DC,0xA0069A18
0xA00861DC,0xA0080040
0xA00861DC,0xA0080088
0xA00861DC,0xA0080560
0xA00861DC,0xA0080600
0xA00861DC,0xA0080730
0xA00861DC,0xA0085D34
0xA00861DC,0xA0085F1C
0xA00861DC,0xA0085FF0
0xA0086870,0xA0069374
0xA0086870,0xA0080040
0xA0086870,0xA0080088
0xA00869E4,0xA0080040
0xA0086A34,0xA0069374
0xA0086A34,0xA00869E4
0xA0086B88,0xA0069A18
0xA0086B88,0xA0080040
0xA0086B88,0xA0080088
0xA0086B88,0xA008027C
0xA0086B88,0xA0085CE0
0xA0086B88,0xA00861DC
0xA0086B88,0xA0086870
0xA0086B88,0xA0086A34
0xA008715C,0xA0068B68
0xA008715C,0xA0069A18
0xA008715C,0xA0080560
0xA008715C,0xA0080600
0xA008715C,0xA0080730
0xA008715C,0xA0085CE0
0xA008715C,0xA00861DC
0xA0087AC4,0xA0086B88
0xA0087AC4,0xA008715C
0xA0087ADC,0xA0080600
0xA0087ADC,0xA0080730
0xA0087C1C,0xA007F990
0xA008816C,0xA0088A38
0xA008816C,0xA0088A48
0xA0088324,0xA0069E98
0xA0088324,0xA006BDB0
0xA0088324,0xA006BE4C
0xA0088324,0xA0071A78
0xA0088324,0xA007345C
0xA0088324,0xA0087AC4
0xA0088324,0xA008816C
0xA0088324,0xA008C530
0xA0088390,0xA006A314
0xA0088390,0xA006A448
0xA0088390,0xA006B918
0xA0088390,0xA006D318
0xA0088390,0xA006D35C
0xA0088390,0xA006D5D8
0xA0088390,0xA006DBE8
0xA0088390,0xA0071144
0xA0088390,0xA0071B04
0xA0088390,0xA0072E88
0xA0088390,0xA0075AAC
0xA0088390,0xA0082588
0xA0088390,0xA008A8D4
0xA0088560,0xA0069080
0xA00885BC,0xA006A158
0xA00885BC,0xA006D930
0xA00885BC,0xA006ED20
0xA00885BC,0xA0072F7C
0xA00885BC,0xA00759C4
0xA00885BC,0xA007FD40
0xA00885BC,0xA007FE5C
0xA00885BC,0xA00858F8
0xA00885BC,0xA0088560
0xA0088624,0xA00689D4
0xA0088650,0xA0068AB0
0xA008867C,0xA0088650
0xA0088728,0xA00886B8
0xA00887D4,0xA0088624
0xA00887D4,0xA0088650
0xA00888D4,0xA006895C
0xA00888D4,0xA0088624
0xA00888D4,0xA0088650
0xA00888D4,0xA00886B8
0xA0088A84,0xA0069A18
0xA0088A84,0xA007F6F4
0xA0088A84,0xA0088318
0xA0088A84,0xA0088624
0xA0088A84,0xA0088650
0xA0088A84,0xA0088728
0xA0088A84,0xA00887D4
0xA0088D2C,0xA006B2E8
0xA0088D2C,0xA006B328
0xA0088D2C,0xA006B368
0xA0088D2C,0xA006B388
0xA0088D2C,0xA0074954
0xA0088D2C,0xA0074970
0xA0088D2C,0xA007498C
0xA0088D2C,0xA00749A8
0xA0088D2C,0xA00749C4
0xA0088D2C,0xA00749E0
0xA0088D2C,0xA00749FC
0xA0088D2C,0xA0074A18
0xA0088D2C,0xA0080040
0xA0088D2C,0xA0080928
0xA0089300,0xA00636D0
0xA0089300,0xA006895C
0xA0089300,0xA0068988
0xA0089300,0xA00692F0
0xA0089300,0xA0069A18
0xA0089300,0xA006A858
0xA0089300,0xA006AA00
0xA0089300,0xA006AD24
0xA0089300,0xA006AD58
0xA0089300,0xA006AD78
0xA0089300,0xA006ADF4
0xA0089300,0xA006AE40
0xA0089300,0xA006AF88
0xA0089300,0xA006B47C
0xA0089300,0xA006C298
0xA0089300,0xA006C2E8
0xA0089300,0xA006C784
0xA0089300,0xA006C7F0
0xA0089300,0xA006C8F0
0xA0089300,0xA006CBF8
0xA0089300,0xA006D028
0xA0089300,0xA006D190
0xA0089300,0xA006D930
0xA0089300,0xA006DBE8
0xA0089300,0xA006E83C
0xA0089300,0xA006E8F4
0xA0089300,0xA006E938
0xA0089300,0xA006F3A0
0xA0089300,0xA0071018
0xA0089300,0xA0071058
0xA0089300,0xA00710C0
0xA0089300,0xA0071144
0xA0089300,0xA0071518
0xA0089300,0xA0071568
0xA0089300,0xA007158C
0xA0089300,0xA0071ADC
0xA0089300,0xA00720B8
0xA0089300,0xA00720F8
0xA0089300,0xA00726C0
0xA0089300,0xA00739A4
0xA0089300,0xA0073DCC
0xA0089300,0xA0074A54
0xA0089300,0xA0074A70
0xA0089300,0xA0074E4C
0xA0089300,0xA00750DC
0xA0089300,0xA0079F50
0xA0089300,0xA007E23C
0xA0089300,0xA007E260
0xA0089300,0xA007E4F0
0xA0089300,0xA007F4A8
0xA0089300,0xA007F6F4
0xA0089300,0xA007F728
0xA0089300,0xA007F74C
0xA0089300,0xA007FFCC
0xA0089300,0xA0080040
0xA0089300,0xA0080088
0xA0089300,0xA008027C
0xA0089300,0xA0080560
0xA0089300,0xA0080600
0xA0089300,0xA0080730
0xA0089300,0xA0081058
0xA0089300,0xA008164C
0xA0089300,0xA00816A8
0xA0089300,0xA0082650
0xA0089300,0xA0082744
0xA0089300,0xA008276C
0xA0089300,0xA00827AC
0xA0089300,0xA0082818
0xA0089300,0xA00828BC
0xA0089300,0xA0083064
0xA0089300,0xA008349C
0xA0089300,0xA0083CC0
0xA0089300,0xA00848B0
0xA0089300,0xA0084AE4
0xA0089300,0xA00857E4
0xA0089300,0xA0087C1C
0xA0089300,0xA0088390
0xA0089300,0xA0088624
0xA0089300,0xA0088650
0xA0089300,0xA00887D4
0xA0089300,0xA00888D4
0xA0089300,0xA0088A38
0xA0089300,0xA0088A48
0xA0089300,0xA0088A58
0xA0089300,0xA0088A68
0xA0089300,0xA0088A78
0xA0089300,0xA0088D2C
0xA0089300,0xA008A910
0xA0089300,0xA008A968
0xA0089300,0xA008AA64
0xA008A7E0,0xA006895C
0xA008A7E0,0xA0088624
0xA008A7E0,0xA0088860
0xA008A7E0,0xA0089300
0xA008A864,0xA008A838
0xA008AA44,0xA008027C
0xA008AA64,0xA006A57C
0xA008AA64,0xA0082DE4
0xA008AB00,0xA00731C8
0xA008AB00,0xA00733D4
0xA008AB00,0xA00733F8
0xA008AB00,0xA0074DA8
0xA008ACA0,0xA0068CF0
0xA008ACA0,0xA0069374
0xA008ACA0,0xA0069A18
0xA008ACA0,0xA0069E98
0xA008ACA0,0xA0072F00
0xA008ACA0,0xA0072F1C
0xA008ACA0,0xA0073414
0xA008ACA0,0xA007345C
0xA008ACA0,0xA0073488
0xA008ACA0,0xA00734B4
0xA008ACA0,0xA0073564
0xA008ACA0,0xA00737E4
0xA008ACA0,0xA007382C
0xA008ACA0,0xA0073854
0xA008ACA0,0xA0073888
0xA008ACA0,0xA00738C4
0xA008ACA0,0xA0073A3C
0xA008ACA0,0xA0073A5C
0xA008ACA0,0xA0073AC4
0xA008ACA0,0xA0073AE4
0xA008ACA0,0xA0073B4C
0xA008ACA0,0xA0073BEC
0xA008ACA0,0xA0073DC0
0xA008ACA0,0xA00742E0
0xA008ACA0,0xA0074A70
0xA008ACA0,0xA0074B88
0xA008ACA0,0xA0074C70
0xA008ACA0,0xA0075098
0xA008ACA0,0xA00750BC
0xA008ACA0,0xA0075A14
0xA008ACA0,0xA0075A44
0xA008ACA0,0xA0075AAC
0xA008ACA0,0xA0075E7C
0xA008ACA0,0xA0078870
0xA008ACA0,0xA0079A18
0xA008ACA0,0xA0080040
0xA008ACA0,0xA0080088
0xA008ACA0,0xA008027C
0xA008ACA0,0xA008AA38
0xA008ACA0,0xA008AA44
0xA008ACA0,0xA008AB00
0xA008B600,0xA006BC24
0xA008B600,0xA006BCC8
0xA008B600,0xA006CC20
0xA008B600,0xA006CD6C
0xA008B74C,0xA0069A18
0xA008B74C,0xA006B2E8
0xA008B74C,0xA006B328
0xA008B74C,0xA006B368
0xA008B74C,0xA006B388
0xA008B74C,0xA006B3BC
0xA008B74C,0xA006B47C
0xA008B74C,0xA008B600
0xA008BAD8,0xA0068E48
0xA008BAD8,0xA0069374
0xA008BAD8,0xA0069A18
0xA008BAD8,0xA006A1F8
0xA008BAD8,0xA006A2A8
0xA008BAD8,0xA006A2E0
0xA008BAD8,0xA006A314
0xA008BAD8,0xA006A348
0xA008BAD8,0xA006A3A0
0xA008BAD8,0xA006A448
0xA008BAD8,0xA006A574
0xA008BAD8,0xA006B2E8
0xA008BAD8,0xA006B328
0xA008BAD8,0xA006B368
0xA008BAD8,0xA006B388
0xA008BAD8,0xA006B3BC
0xA008BAD8,0xA006B47C
0xA008BAD8,0xA006BA44
0xA008BAD8,0xA006BA6C
0xA008BAD8,0xA006BC24
0xA008BAD8,0xA006BE28
0xA008BAD8,0xA006C250
0xA008BAD8,0xA006C298
0xA008BAD8,0xA006C424
0xA008BAD8,0xA006C694
0xA008BAD8,0xA006C7F0
0xA008BAD8,0xA006C8C8
0xA008BAD8,0xA006CE40
0xA008BAD8,0xA006CEF4
0xA008BAD8,0xA006D35C
0xA008BAD8,0xA006D420
0xA008BAD8,0xA006D494
0xA008BAD8,0xA006D4FC
0xA008BAD8,0xA006D518
0xA008BAD8,0xA006D5D8
0xA008BAD8,0xA006D658
0xA008BAD8,0xA006D718
0xA008BAD8,0xA006DB24
0xA008BAD8,0xA007FF64
0xA008BAD8,0xA0080560
0xA008BAD8,0xA0080730
0xA008BAD8,0xA008AA38
0xA008BAD8,0xA008AA64
0xA008BAD8,0xA008B600
0xA008BAD8,0xA008B74C
0xA008C4D0,0xA00848B0
0xA008C4D0,0xA008A9DC
0xA008C4D0,0xA008ACA0
0xA008C4D0,0xA008BAD8
