address,end,size,name,instructions,callers,callees,string_evidence,direct_categories,graph_inferred_categories
0xA0060000,0xA0060010,0x10,start,4,0,0,0,unclassified,
0xA0060864,0xA00608E0,0x7C,sub_A0060864,30,0,12,0,unclassified,picture_pq
0xA00608E8,0xA00609EC,0x104,sub_A00608E8,59,0,0,0,unclassified,
0xA0060AA4,0xA0060BA8,0x104,sub_A0060AA4,59,0,0,0,unclassified,
0xA0060BA8,0xA0060CAC,0x104,sub_A0060BA8,59,0,0,0,unclassified,
0xA0060CAC,0xA0060DB0,0x104,sub_A0060CAC,59,0,0,0,unclassified,
0xA0060EC4,0xA0060FC0,0xFC,sub_A0060EC4,57,0,0,0,unclassified,
0xA006101C,0xA0061128,0x10C,sub_A006101C,63,0,0,0,unclassified,
0xA006121C,0xA0061228,0xC,sub_A006121C,3,1,0,0,unclassified,
0xA0061228,0xA0061234,0xC,sub_A0061228,3,3,0,0,unclassified,
0xA0061234,0xA0061240,0xC,sub_A0061234,3,19,0,0,unclassified,picture_pq
0xA0061240,0xA006124C,0xC,sub_A0061240,3,22,0,0,unclassified,picture_pq
0xA006124C,0xA0061268,0x1C,sub_A006124C,7,0,0,0,unclassified,
0xA0061268,0xA0061284,0x1C,sub_A0061268,7,0,0,0,unclassified,
0xA0061284,0xA00612B8,0x34,sub_A0061284,13,0,0,0,unclassified,
0xA0061570,0xA00615CC,0x5C,sub_A0061570,23,0,0,0,unclassified,
0xA00615CC,0xA0061760,0x194,sub_A00615CC,100,0,0,0,unclassified,
0xA0061760,0xA00617B4,0x54,sub_A0061760,19,1,0,0,unclassified,
0xA00617B4,0xA006187C,0xC8,sub_A00617B4,50,6,0,0,unclassified,picture_pq
0xA006187C,0xA0061900,0x84,sub_A006187C,32,1,0,1,unclassified,
0xA0061900,0xA0061984,0x84,sub_A0061900,32,0,0,1,unclassified,
0xA00619EC,0xA0061A7C,0x90,sub_A00619EC,36,16,1,4,diagnostics,
0xA0061A7C,0xA0061B0C,0x90,sub_A0061A7C,36,2,1,4,picture_pq|diagnostics,
0xA0061B0C,0xA0061D90,0x284,sub_A0061B0C,160,1,5,24,boot_update|picture_pq,
0xA0061D90,0xA0061EE4,0x154,sub_A0061D90,83,1,0,0,unclassified,
0xA0061EE4,0xA0061F98,0xB4,sub_A0061EE4,45,1,4,0,unclassified,video_link
0xA0061F98,0xA00621CC,0x234,sub_A0061F98,136,1,1,0,unclassified,
0xA00621CC,0xA00622F8,0x12C,sub_A00621CC,72,1,0,0,unclassified,
0xA00622F8,0xA0062378,0x80,sub_A00622F8,30,1,3,0,unclassified,picture_pq
0xA0062378,0xA00623D0,0x58,sub_A0062378,22,1,1,0,unclassified,
0xA00623D0,0xA00625DC,0x20C,sub_A00623D0,129,1,0,0,unclassified,
0xA00625DC,0xA006266C,0x90,sub_A00625DC,36,1,0,0,unclassified,
0xA006266C,0xA00628C0,0x254,sub_A006266C,149,1,1,0,unclassified,
0xA00628C0,0xA00628F8,0x38,sub_A00628C0,14,1,0,0,unclassified,
0xA00628F8,0xA0062A28,0x130,sub_A00628F8,75,1,0,0,unclassified,
0xA0062A28,0xA0062A58,0x30,sub_A0062A28,12,2,1,0,unclassified,
0xA0062A58,0xA006317C,0x724,sub_A0062A58,451,1,8,0,unclassified,picture_pq
0xA006317C,0xA00632E8,0x16C,sub_A006317C,89,2,6,0,unclassified,picture_pq
0xA00632E8,0xA0063314,0x2C,sub_A00632E8,11,1,1,0,unclassified,
0xA0063314,0xA0063340,0x2C,sub_A0063314,11,1,1,0,unclassified,
0xA0063340,0xA00636D0,0x390,sub_A0063340,224,1,2,0,unclassified,
0xA00636D0,0xA00636E0,0x10,sub_A00636D0,4,2,0,0,unclassified,
0xA00688D4,0xA006895C,0x88,sub_A00688D4,32,1,1,3,unclassified,picture_pq
0xA006895C,0xA0068988,0x2C,sub_A006895C,11,13,0,0,unclassified,video_link
0xA0068988,0xA00689BC,0x34,sub_A0068988,13,9,0,0,unclassified,picture_pq
0xA00689BC,0xA00689D4,0x18,sub_A00689BC,6,1,1,0,unclassified,
0xA00689D4,0xA0068AB0,0xDC,sub_A00689D4,55,1,1,0,unclassified,
0xA0068AB0,0xA0068B68,0xB8,sub_A0068AB0,46,1,1,0,unclassified,
0xA0068B68,0xA0068CF0,0x188,sub_A0068B68,98,6,0,0,unclassified,video_link
0xA0068CF0,0xA0068D44,0x54,sub_A0068CF0,20,29,0,0,unclassified,video_link
0xA0068D44,0xA0068DEC,0xA8,sub_A0068D44,41,1,0,0,unclassified,
0xA0068DEC,0xA0068E10,0x24,sub_A0068DEC,8,1,0,0,unclassified,
0xA0068E10,0xA0068E48,0x38,sub_A0068E10,14,1,5,2,unclassified,
0xA0068E48,0xA0068E64,0x1C,sub_A0068E48,6,2,1,0,unclassified,video_link
0xA0068E64,0xA0068E80,0x1C,sub_A0068E64,6,1,0,0,unclassified,
0xA0068E80,0xA0068E9C,0x1C,sub_A0068E80,6,1,0,0,unclassified,
0xA0068E9C,0xA0068F1C,0x80,sub_A0068E9C,30,1,0,0,unclassified,
0xA0068F1C,0xA0068F68,0x4C,sub_A0068F1C,18,1,0,0,unclassified,
0xA0068F68,0xA0068FE8,0x80,sub_A0068F68,30,1,0,0,unclassified,
0xA0068FE8,0xA0069034,0x4C,sub_A0068FE8,18,1,0,0,unclassified,
0xA0069080,0xA0069180,0x100,sub_A0069080,64,1,2,0,unclassified,
0xA0069180,0xA00692F0,0x170,sub_A0069180,89,1,2,0,unclassified,
0xA00692F0,0xA0069374,0x84,sub_A00692F0,30,1,0,0,unclassified,
0xA0069374,0xA0069380,0xC,sub_A0069374,3,20,0,0,unclassified,
0xA0069380,0xA00693EC,0x6C,sub_A0069380,25,1,1,1,unclassified,video_link
0xA00693EC,0xA00694A4,0xB8,sub_A00693EC,46,1,1,0,unclassified,
0xA00694A4,0xA006953C,0x98,sub_A00694A4,38,2,1,0,unclassified,
0xA006953C,0xA006959C,0x60,sub_A006953C,24,1,0,0,unclassified,
0xA006959C,0xA006968C,0xF0,sub_A006959C,58,1,1,0,unclassified,
0xA006968C,0xA0069834,0x1A8,sub_A006968C,103,0,2,10,diagnostics,
0xA0069834,0xA00699AC,0x178,sub_A0069834,94,1,0,0,unclassified,
0xA00699AC,0xA0069A18,0x6C,sub_A00699AC,27,1,1,0,unclassified,
0xA0069A18,0xA0069E98,0x480,sub_A0069A18,287,64,2,0,unclassified,video_link
0xA0069E98,0xA0069EAC,0x14,sub_A0069E98,5,18,1,0,unclassified,video_link
0xA0069EAC,0xA0069EFC,0x50,sub_A0069EAC,20,1,1,0,unclassified,
0xA0069EFC,0xA0069F80,0x84,sub_A0069EFC,33,1,2,0,unclassified,
0xA0069F80,0xA006A124,0x1A4,sub_A0069F80,105,1,3,0,unclassified,video_link
0xA006A124,0xA006A158,0x34,sub_A006A124,13,1,0,0,unclassified,
0xA006A158,0xA006A1D0,0x78,sub_A006A158,29,1,0,0,unclassified,
0xA006A1F8,0xA006A2A8,0xB0,sub_A006A1F8,44,1,2,0,unclassified,
0xA006A2A8,0xA006A2E0,0x38,sub_A006A2A8,13,1,0,0,unclassified,
0xA006A2E0,0xA006A314,0x34,sub_A006A2E0,13,1,0,0,unclassified,
0xA006A314,0xA006A348,0x34,sub_A006A314,13,2,0,0,unclassified,power
0xA006A348,0xA006A3A0,0x58,sub_A006A348,21,1,0,0,unclassified,
0xA006A3A0,0xA006A448,0xA8,sub_A006A3A0,42,1,2,0,unclassified,video_link
0xA006A448,0xA006A4A0,0x58,sub_A006A448,22,2,0,0,unclassified,power
0xA006A4A0,0xA006A4B0,0x10,sub_A006A4A0,4,1,0,0,unclassified,
0xA006A4B0,0xA006A574,0xC4,sub_A006A4B0,49,1,3,0,unclassified,
0xA006A574,0xA006A57C,0x8,nullsub_3,2,1,0,0,unclassified,
0xA006A57C,0xA006A584,0x8,nullsub_4,2,1,0,0,unclassified,
0xA006A584,0xA006A5FC,0x78,sub_A006A584,29,1,1,0,unclassified,video_link
0xA006A5FC,0xA006A618,0x1C,sub_A006A5FC,6,1,0,0,unclassified,
0xA006A618,0xA006A858,0x240,sub_A006A618,143,1,3,2,unclassified,video_link
0xA006A858,0xA006AA00,0x1A8,sub_A006A858,105,2,3,0,unclassified,video_link
0xA006AA00,0xA006AD24,0x324,sub_A006AA00,199,2,3,0,unclassified,
0xA006AD24,0xA006AD58,0x34,sub_A006AD24,13,1,1,0,unclassified,
0xA006AD58,0xA006AD78,0x20,sub_A006AD58,8,1,1,0,unclassified,
0xA006AD78,0xA006ADF4,0x7C,sub_A006AD78,31,1,3,0,unclassified,video_link
0xA006ADF4,0xA006AE40,0x4C,sub_A006ADF4,19,1,1,0,unclassified,
0xA006AE40,0xA006AF88,0x148,sub_A006AE40,82,1,3,0,unclassified,video_link
0xA006AF88,0xA006B2E8,0x360,sub_A006AF88,215,2,3,0,unclassified,
0xA006B2E8,0xA006B328,0x40,sub_A006B2E8,16,4,1,0,unclassified,video_link
0xA006B328,0xA006B368,0x40,sub_A006B328,16,3,1,0,unclassified,video_link
0xA006B368,0xA006B388,0x20,sub_A006B368,8,3,1,0,unclassified,video_link
0xA006B388,0xA006B3A8,0x20,sub_A006B388,8,3,1,0,unclassified,video_link
0xA006B3BC,0xA006B47C,0xC0,sub_A006B3BC,48,2,3,0,unclassified,video_link
0xA006B47C,0xA006B6DC,0x260,sub_A006B47C,152,4,1,0,unclassified,power
0xA006B6DC,0xA006B7E4,0x108,sub_A006B6DC,66,1,2,0,unclassified,video_link
0xA006B7E4,0xA006B870,0x8C,sub_A006B7E4,33,2,0,0,unclassified,
0xA006B870,0xA006B8D0,0x60,sub_A006B870,22,2,1,0,unclassified,
0xA006B8D0,0xA006B8DC,0xC,sub_A006B8D0,3,1,0,0,unclassified,
0xA006B8DC,0xA006B918,0x3C,sub_A006B8DC,15,2,0,0,unclassified,
0xA006B918,0xA006BA44,0x12C,sub_A006B918,74,2,4,0,unclassified,
0xA006BA44,0xA006BA6C,0x28,sub_A006BA44,10,3,2,0,unclassified,video_link
0xA006BA6C,0xA006BC24,0x1B8,sub_A006BA6C,110,1,8,0,unclassified,video_link
0xA006BC24,0xA006BCC8,0xA4,sub_A006BC24,41,4,2,0,unclassified,video_link
0xA006BCC8,0xA006BD34,0x6C,sub_A006BCC8,27,2,2,0,unclassified,video_link
0xA006BD34,0xA006BD88,0x54,sub_A006BD34,20,1,2,0,unclassified,
0xA006BD88,0xA006BDB0,0x28,sub_A006BD88,10,1,0,0,unclassified,
0xA006BDB0,0xA006BE28,0x78,sub_A006BDB0,30,1,2,0,unclassified,
0xA006BE28,0xA006BE4C,0x24,sub_A006BE28,9,2,1,0,unclassified,video_link
0xA006BE4C,0xA006C250,0x404,sub_A006BE4C,245,1,13,8,events_tasks,
0xA006C250,0xA006C298,0x48,sub_A006C250,18,1,2,0,unclassified,video_link
0xA006C298,0xA006C2E8,0x50,sub_A006C298,20,1,1,0,unclassified,power
0xA006C2E8,0xA006C2F0,0x8,sub_A006C2E8,2,2,0,0,unclassified,
0xA006C424,0xA006C694,0x270,sub_A006C424,156,1,4,0,unclassified,video_link
0xA006C694,0xA006C6D0,0x3C,sub_A006C694,15,1,1,0,unclassified,video_link
0xA006C6D0,0xA006C740,0x70,sub_A006C6D0,28,8,1,0,unclassified,video_link
0xA006C740,0xA006C784,0x44,sub_A006C740,17,8,0,0,unclassified,video_link
0xA006C784,0xA006C7F0,0x6C,sub_A006C784,27,1,3,0,unclassified,video_link
0xA006C7F0,0xA006C8C8,0xD8,sub_A006C7F0,54,2,4,0,unclassified,power
0xA006C8C8,0xA006C8F0,0x28,sub_A006C8C8,10,1,2,0,unclassified,video_link
0xA006C8F0,0xA006CBA0,0x2B0,sub_A006C8F0,170,3,6,0,unclassified,video_link
0xA006CBF8,0xA006CC20,0x28,sub_A006CBF8,10,1,1,0,unclassified,
0xA006CC20,0xA006CD6C,0x14C,sub_A006CC20,83,1,3,0,unclassified,video_link
0xA006CD6C,0xA006CE40,0xD4,sub_A006CD6C,51,1,3,0,unclassified,video_link
0xA006CE40,0xA006CEF4,0xB4,sub_A006CE40,45,1,3,0,unclassified,video_link
0xA006CEF4,0xA006CF58,0x64,sub_A006CEF4,24,1,2,0,unclassified,
0xA006CF58,0xA006CFE8,0x90,sub_A006CF58,36,1,3,0,unclassified,
0xA006CFE8,0xA006D028,0x40,sub_A006CFE8,16,1,3,0,unclassified,
0xA006D028,0xA006D190,0x168,sub_A006D028,89,2,6,0,unclassified,
0xA006D190,0xA006D318,0x188,sub_A006D190,96,1,8,0,unclassified,video_link
0xA006D318,0xA006D35C,0x44,sub_A006D318,17,2,4,0,unclassified,
0xA006D35C,0xA006D420,0xC4,sub_A006D35C,49,2,5,0,unclassified,video_link
0xA006D420,0xA006D494,0x74,sub_A006D420,29,1,3,0,unclassified,
0xA006D494,0xA006D4FC,0x68,sub_A006D494,26,1,3,0,unclassified,
0xA006D4FC,0xA006D518,0x1C,sub_A006D4FC,7,1,0,0,unclassified,
0xA006D518,0xA006D588,0x70,sub_A006D518,27,1,1,0,unclassified,
0xA006D588,0xA006D5B0,0x28,sub_A006D588,10,2,2,0,unclassified,video_link
0xA006D5B0,0xA006D5D8,0x28,sub_A006D5B0,10,3,2,0,unclassified,video_link
0xA006D5D8,0xA006D658,0x80,sub_A006D5D8,31,2,4,0,unclassified,power
0xA006D658,0xA006D718,0xC0,sub_A006D658,48,2,9,0,unclassified,video_link
0xA006D718,0xA006D75C,0x44,sub_A006D718,17,1,2,0,unclassified,video_link
0xA006D75C,0xA006D930,0x1D4,sub_A006D75C,115,1,2,0,unclassified,
0xA006D930,0xA006DA5C,0x12C,sub_A006D930,73,2,11,0,unclassified,video_link
0xA006DA5C,0xA006DB24,0xC8,sub_A006DA5C,50,1,2,0,unclassified,
0xA006DB24,0xA006DB48,0x24,sub_A006DB24,8,1,0,0,unclassified,
0xA006DB48,0xA006DBA8,0x60,sub_A006DB48,23,1,0,0,unclassified,
0xA006DBA8,0xA006DBB4,0xC,sub_A006DBA8,3,2,0,0,unclassified,
0xA006DBB4,0xA006DBE8,0x34,sub_A006DBB4,13,11,1,0,unclassified,
0xA006DBE8,0xA006DCC4,0xDC,sub_A006DBE8,55,3,2,0,unclassified,power
0xA006DCC4,0xA006DDC4,0x100,sub_A006DCC4,64,1,3,0,unclassified,
0xA006DDC4,0xA006DEA4,0xE0,sub_A006DDC4,56,1,3,0,unclassified,
0xA006DEA4,0xA006DEC4,0x20,sub_A006DEA4,8,1,2,0,unclassified,
0xA006DEC4,0xA006DF34,0x70,sub_A006DEC4,28,1,2,0,unclassified,
0xA006DF34,0xA006E7A4,0x870,sub_A006DF34,539,1,5,0,unclassified,
0xA006E7A4,0xA006E7E8,0x44,sub_A006E7A4,17,1,2,0,unclassified,
0xA006E7E8,0xA006E810,0x28,sub_A006E7E8,10,1,2,0,unclassified,
0xA006E810,0xA006E83C,0x2C,sub_A006E810,11,1,2,0,unclassified,
0xA006E83C,0xA006E8F4,0xB8,sub_A006E83C,46,1,2,0,unclassified,
0xA006E8F4,0xA006E938,0x44,sub_A006E8F4,16,1,0,0,unclassified,
0xA006E938,0xA006E95C,0x24,sub_A006E938,9,1,0,0,unclassified,
0xA006E95C,0xA006EA78,0x11C,sub_A006E95C,69,2,2,0,unclassified,power
0xA006EA78,0xA006EAE4,0x6C,sub_A006EA78,27,1,2,0,unclassified,
0xA006EAE4,0xA006EBF0,0x10C,sub_A006EAE4,67,1,4,0,unclassified,power
0xA006EBF0,0xA006ED20,0x130,sub_A006EBF0,75,1,6,0,unclassified,power
0xA006ED20,0xA006EE1C,0xFC,sub_A006ED20,60,1,10,0,unclassified,power
0xA006EE1C,0xA006EF40,0x124,sub_A006EE1C,73,1,2,0,unclassified,
0xA006EF40,0xA006F0CC,0x18C,sub_A006EF40,99,1,2,0,unclassified,power
0xA006F0CC,0xA006F148,0x7C,sub_A006F0CC,31,4,2,0,unclassified,
0xA006F148,0xA006F184,0x3C,sub_A006F148,15,3,1,0,unclassified,
0xA006F184,0xA006F1BC,0x38,sub_A006F184,14,1,1,0,unclassified,
0xA006F1BC,0xA006F1E8,0x2C,sub_A006F1BC,11,4,1,0,unclassified,
0xA006F1E8,0xA006F214,0x2C,sub_A006F1E8,11,3,1,0,unclassified,
0xA006F214,0xA006F2BC,0xA8,sub_A006F214,42,2,1,0,unclassified,
0xA006F2BC,0xA006F328,0x6C,sub_A006F2BC,27,1,1,0,unclassified,
0xA006F328,0xA006F3A0,0x78,sub_A006F328,30,2,1,0,unclassified,
0xA006F3A0,0xA006F404,0x64,sub_A006F3A0,25,2,1,0,unclassified,
0xA006F404,0xA006F45C,0x58,sub_A006F404,22,1,1,0,unclassified,
0xA006F45C,0xA006F5EC,0x190,sub_A006F45C,100,1,1,0,unclassified,
0xA006F5EC,0xA006F6C0,0xD4,sub_A006F5EC,50,1,0,0,unclassified,
0xA006F6C0,0xA006F724,0x64,sub_A006F6C0,25,1,1,0,unclassified,
0xA006F724,0xA006F7FC,0xD8,sub_A006F724,54,3,1,0,unclassified,video_link
0xA006F7FC,0xA006F8C0,0xC4,sub_A006F7FC,49,2,0,0,unclassified,
0xA006F8C0,0xA006F8EC,0x2C,sub_A006F8C0,11,2,0,0,unclassified,
0xA006F8EC,0xA006F958,0x6C,sub_A006F8EC,27,2,0,0,unclassified,
0xA006F958,0xA006FBA8,0x250,sub_A006F958,147,1,8,0,unclassified,
0xA006FBA8,0xA006FC80,0xD8,sub_A006FBA8,54,2,0,0,unclassified,video_link
0xA006FC80,0xA006FF28,0x2A8,sub_A006FC80,168,1,10,2,unclassified,video_link
0xA006FF28,0xA006FF4C,0x24,sub_A006FF28,9,1,0,0,unclassified,
0xA006FF4C,0xA006FFAC,0x60,sub_A006FF4C,24,1,2,0,unclassified,
0xA006FFAC,0xA0070038,0x8C,sub_A006FFAC,35,1,3,0,unclassified,power
0xA0070038,0xA00704D0,0x498,sub_A0070038,293,1,17,7,diagnostics,
0xA007078C,0xA0070D58,0x5CC,sub_A007078C,370,1,11,0,unclassified,power
0xA0070D58,0xA0070E3C,0xE4,sub_A0070D58,57,1,1,0,unclassified,
0xA0070E3C,0xA0070EAC,0x70,sub_A0070E3C,28,1,1,0,unclassified,
0xA0070EAC,0xA0070F1C,0x70,sub_A0070EAC,28,3,1,0,unclassified,video_link
0xA0070F1C,0xA0071018,0xFC,sub_A0070F1C,63,1,5,2,unclassified,video_link
0xA0071018,0xA0071058,0x40,sub_A0071018,16,1,2,0,unclassified,
0xA0071058,0xA00710C0,0x68,sub_A0071058,25,1,1,0,unclassified,power
0xA00710C0,0xA0071120,0x60,sub_A00710C0,24,1,2,4,unclassified,
0xA0071120,0xA0071144,0x24,sub_A0071120,9,1,0,0,unclassified,
0xA0071144,0xA007115C,0x18,sub_A0071144,6,2,0,0,unclassified,power
0xA007115C,0xA0071194,0x38,sub_A007115C,14,1,0,0,unclassified,
0xA0071194,0xA0071518,0x384,sub_A0071194,217,1,12,15,video_link,
0xA0071518,0xA0071568,0x50,sub_A0071518,20,1,1,0,unclassified,
0xA0071568,0xA007158C,0x24,sub_A0071568,9,1,1,0,unclassified,power
0xA007158C,0xA00715E8,0x5C,sub_A007158C,23,1,3,0,unclassified,power
0xA00715E8,0xA00716BC,0xD4,sub_A00715E8,53,1,2,0,unclassified,power
0xA00716BC,0xA00717A4,0xE8,sub_A00716BC,58,1,3,0,unclassified,power
0xA00717A4,0xA0071A78,0x2D4,sub_A00717A4,176,1,6,8,power,
0xA0071A78,0xA0071ADC,0x64,sub_A0071A78,25,1,5,0,unclassified,
0xA0071ADC,0xA0071B04,0x28,sub_A0071ADC,9,1,0,0,unclassified,
0xA0071B04,0xA0071F24,0x420,sub_A0071B04,264,1,2,0,unclassified,
0xA0071F24,0xA0071FF0,0xCC,sub_A0071F24,51,1,1,0,unclassified,
0xA0071FF0,0xA00720B8,0xC8,sub_A0071FF0,50,1,4,0,unclassified,
0xA00720B8,0xA00720F8,0x40,sub_A00720B8,16,2,1,0,unclassified,
0xA00720F8,0xA0072194,0x9C,sub_A00720F8,39,2,1,0,unclassified,
0xA0072194,0xA0072204,0x70,sub_A0072194,27,1,0,0,unclassified,
0xA0072204,0xA00722F8,0xF4,sub_A0072204,59,3,2,0,unclassified,
0xA00722F8,0xA0072300,0x8,sub_A00722F8,2,1,0,0,unclassified,
0xA0072300,0xA0072308,0x8,sub_A0072300,2,1,0,0,unclassified,
0xA0072308,0xA00723B4,0xAC,sub_A0072308,43,1,1,0,unclassified,
0xA00723B4,0xA00726C0,0x30C,sub_A00723B4,194,3,2,0,unclassified,
0xA00726C0,0xA00726FC,0x3C,sub_A00726C0,15,1,0,0,unclassified,
0xA00726FC,0xA0072794,0x98,sub_A00726FC,38,1,0,0,unclassified,
0xA0072794,0xA00727F0,0x5C,sub_A0072794,23,4,1,0,unclassified,
0xA007281C,0xA0072DFC,0x5E0,sub_A007281C,376,4,4,0,unclassified,
0xA0072DFC,0xA0072E10,0x14,sub_A0072DFC,5,3,0,0,unclassified,power
0xA0072E10,0xA0072E88,0x78,sub_A0072E10,30,1,3,2,power,
0xA0072E88,0xA0072F00,0x78,sub_A0072E88,30,1,3,2,power,
0xA0072F00,0xA0072F1C,0x1C,sub_A0072F00,7,2,0,0,unclassified,video_link
0xA0072F1C,0xA0072F7C,0x60,sub_A0072F1C,24,2,2,0,unclassified,video_link
0xA0072F7C,0xA0073170,0x1F4,sub_A0072F7C,123,1,7,0,unclassified,video_link
0xA0073170,0xA00731C8,0x58,sub_A0073170,22,1,2,0,unclassified,video_link
0xA00731C8,0xA00733A4,0x1DC,sub_A00731C8,119,2,1,0,unclassified,video_link
0xA00733A4,0xA00733D4,0x30,sub_A00733A4,12,1,1,0,unclassified,
0xA00733D4,0xA00733F8,0x24,sub_A00733D4,9,2,1,0,unclassified,video_link
0xA00733F8,0xA0073414,0x1C,sub_A00733F8,7,1,0,0,unclassified,
0xA0073414,0xA007345C,0x48,sub_A0073414,18,1,1,0,unclassified,video_link
0xA007345C,0xA0073488,0x2C,sub_A007345C,11,2,0,0,unclassified,diagnostics
0xA0073488,0xA00734B4,0x2C,sub_A0073488,11,1,0,0,unclassified,
0xA00734B4,0xA0073544,0x90,sub_A00734B4,36,1,3,0,unclassified,video_link
0xA0073544,0xA0073564,0x20,sub_A0073544,8,3,1,0,unclassified,video_link
0xA0073564,0xA00737E4,0x280,sub_A0073564,160,1,4,0,unclassified,video_link
0xA00737E4,0xA007382C,0x48,sub_A00737E4,18,1,2,0,unclassified,video_link
0xA007382C,0xA0073854,0x28,sub_A007382C,10,1,1,0,unclassified,video_link
0xA0073854,0xA0073888,0x34,sub_A0073854,13,1,1,0,unclassified,video_link
0xA0073888,0xA00738C4,0x3C,sub_A0073888,15,1,1,0,unclassified,video_link
0xA00738C4,0xA00738F4,0x30,sub_A00738C4,12,1,1,0,unclassified,video_link
0xA00738F4,0xA0073954,0x60,sub_A00738F4,24,2,2,0,unclassified,video_link
0xA0073954,0xA00739A4,0x50,sub_A0073954,20,1,1,0,unclassified,video_link
0xA00739A4,0xA0073A3C,0x98,sub_A00739A4,38,0,4,0,unclassified,video_link
0xA0073A3C,0xA0073A5C,0x20,sub_A0073A3C,8,3,0,0,unclassified,video_link
0xA0073A5C,0xA0073AC4,0x68,sub_A0073A5C,26,2,3,0,unclassified,video_link
0xA0073AC4,0xA0073AE4,0x20,sub_A0073AC4,8,2,1,0,unclassified,power
0xA0073AE4,0xA0073B4C,0x68,sub_A0073AE4,26,2,3,0,unclassified,video_link
0xA0073B4C,0xA0073B6C,0x20,sub_A0073B4C,8,2,1,0,unclassified,power
0xA0073B6C,0xA0073B8C,0x20,sub_A0073B6C,8,1,1,0,unclassified,
0xA0073B8C,0xA0073BAC,0x20,sub_A0073B8C,8,1,1,0,unclassified,
0xA0073BAC,0xA0073BCC,0x20,sub_A0073BAC,8,1,1,0,unclassified,
0xA0073BCC,0xA0073BEC,0x20,sub_A0073BCC,8,1,1,0,unclassified,
0xA0073BEC,0xA0073DC0,0x1D4,sub_A0073BEC,117,1,3,0,unclassified,video_link
0xA0073DC0,0xA0073DCC,0xC,sub_A0073DC0,3,1,0,0,unclassified,
0xA0073DCC,0xA0073EE4,0x118,sub_A0073DCC,70,1,1,0,unclassified,
0xA0073EE4,0xA0073FA8,0xC4,sub_A0073EE4,49,1,2,0,unclassified,video_link
0xA0073FA8,0xA007406C,0xC4,sub_A0073FA8,49,1,2,0,unclassified,video_link
0xA007406C,0xA0074140,0xD4,sub_A007406C,53,1,2,0,unclassified,video_link
0xA0074140,0xA007420C,0xCC,sub_A0074140,51,1,2,0,unclassified,video_link
0xA007420C,0xA00742E0,0xD4,sub_A007420C,53,1,2,0,unclassified,video_link
0xA00742E0,0xA0074848,0x568,sub_A00742E0,341,1,16,0,unclassified,video_link
0xA0074848,0xA0074898,0x50,sub_A0074848,20,1,1,0,unclassified,
0xA00748B8,0xA0074918,0x60,sub_A00748B8,24,2,1,0,unclassified,power
0xA0074918,0xA0074938,0x20,sub_A0074918,8,1,1,0,unclassified,
0xA0074938,0xA0074954,0x1C,sub_A0074938,7,1,0,0,unclassified,
0xA0074954,0xA0074970,0x1C,sub_A0074954,7,1,0,0,unclassified,
0xA0074970,0xA007498C,0x1C,sub_A0074970,7,1,0,0,unclassified,
0xA007498C,0xA00749A8,0x1C,sub_A007498C,7,1,0,0,unclassified,
0xA00749A8,0xA00749C4,0x1C,sub_A00749A8,7,1,0,0,unclassified,
0xA00749C4,0xA00749E0,0x1C,sub_A00749C4,7,1,0,0,unclassified,
0xA00749E0,0xA00749FC,0x1C,sub_A00749E0,7,1,0,0,unclassified,
0xA00749FC,0xA0074A18,0x1C,sub_A00749FC,7,1,0,0,unclassified,
0xA0074A18,0xA0074A54,0x3C,sub_A0074A18,14,1,0,0,unclassified,
0xA0074A54,0xA0074A70,0x1C,sub_A0074A54,7,1,1,0,unclassified,
0xA0074A70,0xA0074B40,0xD0,sub_A0074A70,52,3,4,0,unclassified,power
0xA0074B40,0xA0074B88,0x48,sub_A0074B40,18,2,1,0,unclassified,
0xA0074B88,0xA0074C70,0xE8,sub_A0074B88,57,1,12,0,unclassified,power
0xA0074C70,0xA0074D10,0xA0,sub_A0074C70,40,1,3,0,unclassified,video_link
0xA0074D10,0xA0074DA8,0x98,sub_A0074D10,38,1,2,0,unclassified,
0xA0074DA8,0xA0074E4C,0xA4,sub_A0074DA8,41,1,2,0,unclassified,
0xA0074E4C,0xA0075098,0x24C,sub_A0074E4C,142,0,5,0,unclassified,video_link
0xA0075098,0xA00750BC,0x24,sub_A0075098,8,1,0,0,unclassified,
0xA00750BC,0xA00750DC,0x20,sub_A00750BC,8,1,1,0,unclassified,video_link
0xA00750DC,0xA0075104,0x28,sub_A00750DC,9,2,0,0,unclassified,power
0xA0075104,0xA0075124,0x20,sub_A0075104,7,1,1,0,unclassified,video_link
0xA0075124,0xA007515C,0x38,sub_A0075124,13,1,1,0,unclassified,
0xA007515C,0xA00751A4,0x48,sub_A007515C,16,1,1,0,unclassified,
0xA00751A4,0xA0075384,0x1E0,sub_A00751A4,116,2,2,0,unclassified,power
0xA0075384,0xA00753A4,0x20,sub_A0075384,8,3,0,0,unclassified,video_link
0xA00753A4,0xA00759C4,0x620,sub_A00753A4,382,1,9,14,persistent_data|video_link|diagnostics,
0xA00759C4,0xA0075A14,0x50,sub_A00759C4,20,1,5,2,video_link,
0xA0075A14,0xA0075A44,0x30,sub_A0075A14,12,1,0,0,unclassified,
0xA0075A44,0xA0075AAC,0x68,sub_A0075A44,25,1,6,2,power,
0xA0075AAC,0xA0075CC4,0x218,sub_A0075AAC,131,2,5,6,video_link|power,
0xA0075CC4,0xA0075D28,0x64,sub_A0075CC4,25,5,3,0,unclassified,video_link
0xA0075D28,0xA0075D80,0x58,sub_A0075D28,21,2,1,0,unclassified,video_link
0xA0075D80,0xA0075E7C,0xFC,sub_A0075D80,63,1,3,2,unclassified,video_link
0xA0075E7C,0xA0075E90,0x14,sub_A0075E7C,5,7,0,0,unclassified,video_link
0xA0075E90,0xA0075F78,0xE8,sub_A0075E90,57,1,2,0,unclassified,video_link
0xA0075F78,0xA0076380,0x408,sub_A0075F78,252,1,5,16,video_link,
0xA0076380,0xA0076B24,0x7A4,sub_A0076380,474,1,1,11,diagnostics,
0xA0076B24,0xA0076CBC,0x198,sub_A0076B24,101,1,2,4,unclassified,video_link
0xA0076CBC,0xA00778F4,0xC38,sub_A0076CBC,767,0,7,21,video_link,
0xA00778F4,0xA0077D50,0x45C,sub_A00778F4,272,0,3,10,video_link,
0xA0077D50,0xA00780A4,0x354,sub_A0077D50,208,0,5,16,video_link,
0xA00780A4,0xA0078374,0x2D0,sub_A00780A4,168,0,5,10,video_link,
0xA0078374,0xA0078870,0x4FC,sub_A0078374,306,0,6,25,video_link|diagnostics,
0xA0078870,0xA0078884,0x14,sub_A0078870,5,3,0,0,unclassified,video_link
0xA0078884,0xA00788D0,0x4C,sub_A0078884,18,2,1,1,unclassified,video_link
0xA00788D0,0xA00791B8,0x8E8,sub_A00788D0,560,0,4,12,video_link|diagnostics,
0xA00791B8,0xA00792D0,0x118,sub_A00791B8,66,2,3,0,unclassified,diagnostics
0xA00792D0,0xA007978C,0x4BC,sub_A00792D0,293,0,4,11,video_link|diagnostics,
0xA007978C,0xA00799AC,0x220,sub_A007978C,135,0,2,7,video_link,
0xA00799AC,0xA0079A18,0x6C,sub_A00799AC,26,1,2,0,unclassified,video_link
0xA0079A18,0xA0079E24,0x40C,sub_A0079A18,253,2,6,7,diagnostics,
0xA0079E24,0xA0079F50,0x12C,sub_A0079E24,72,1,3,7,unclassified,
0xA0079F50,0xA0079F80,0x30,sub_A0079F50,12,1,1,0,unclassified,
0xA0079F80,0xA0079FA4,0x24,sub_A0079F80,9,1,1,0,unclassified,
0xA0079FA4,0xA0079FC0,0x1C,sub_A0079FA4,7,1,1,0,unclassified,video_link
0xA0079FC0,0xA0079FE4,0x24,sub_A0079FC0,9,2,1,0,unclassified,video_link
0xA0079FE4,0xA007A238,0x254,sub_A0079FE4,143,1,4,5,events_tasks,
0xA007A238,0xA007A4A8,0x270,sub_A007A238,148,1,11,2,events_tasks,
0xA007A4A8,0xA007AEB4,0xA0C,sub_A007A4A8,633,0,9,13,video_link,
0xA007AEB4,0xA007B7F8,0x944,sub_A007AEB4,587,0,6,8,video_link,
0xA007B7F8,0xA007B940,0x148,sub_A007B7F8,81,0,5,6,video_link,
0xA007B940,0xA007B95C,0x1C,sub_A007B940,7,1,1,0,unclassified,video_link
0xA007B95C,0xA007B9F0,0x94,sub_A007B95C,35,4,3,0,unclassified,video_link
0xA007B9F0,0xA007BACC,0xDC,sub_A007B9F0,55,2,4,4,unclassified,video_link
0xA007BACC,0xA007BF38,0x46C,sub_A007BACC,276,0,9,11,video_link|diagnostics,
0xA007BF38,0xA007D078,0x1140,sub_A007BF38,1043,0,10,46,video_link|diagnostics,
0xA007D078,0xA007D16C,0xF4,sub_A007D078,58,0,3,10,video_link|diagnostics,
0xA007D16C,0xA007D44C,0x2E0,sub_A007D16C,180,0,6,9,video_link,
0xA007D44C,0xA007D46C,0x20,sub_A007D44C,8,1,1,0,unclassified,video_link
0xA007D46C,0xA007D49C,0x30,sub_A007D46C,12,1,1,0,unclassified,video_link
0xA007D49C,0xA007D4BC,0x20,sub_A007D49C,8,1,1,0,unclassified,video_link
0xA007D4BC,0xA007DC14,0x758,sub_A007D4BC,461,0,17,30,video_link,
0xA007DC14,0xA007DC70,0x5C,sub_A007DC14,22,1,1,0,unclassified,video_link
0xA007DC70,0xA007DC84,0x14,sub_A007DC70,5,1,0,0,unclassified,
0xA007DC84,0xA007DCFC,0x78,sub_A007DC84,29,3,3,0,unclassified,picture_pq
0xA007DCFC,0xA007DD74,0x78,sub_A007DCFC,29,3,3,0,unclassified,picture_pq
0xA007DD74,0xA007DDD0,0x5C,sub_A007DD74,23,1,3,0,unclassified,picture_pq
0xA007DDD0,0xA007DE2C,0x5C,sub_A007DDD0,23,1,3,0,unclassified,picture_pq
0xA007DE2C,0xA007DE88,0x5C,sub_A007DE2C,23,1,3,0,unclassified,picture_pq
0xA007DE88,0xA007DF00,0x78,sub_A007DE88,29,3,3,0,unclassified,picture_pq
0xA007DF00,0xA007DF44,0x44,sub_A007DF00,17,1,3,0,unclassified,picture_pq
0xA007DF44,0xA007DFBC,0x78,sub_A007DF44,29,3,3,0,unclassified,picture_pq
0xA007DFBC,0xA007E034,0x78,sub_A007DFBC,29,3,3,0,unclassified,picture_pq
0xA007E034,0xA007E23C,0x208,sub_A007E034,130,1,3,0,unclassified,picture_pq
0xA007E23C,0xA007E260,0x24,sub_A007E23C,9,2,1,0,unclassified,
0xA007E260,0xA007E294,0x34,sub_A007E260,13,1,0,0,unclassified,
0xA007E294,0xA007E2C0,0x2C,sub_A007E294,10,1,0,0,unclassified,
0xA007E2C0,0xA007E2EC,0x2C,sub_A007E2C0,10,3,0,0,unclassified,picture_pq
0xA007E2EC,0xA007E4F0,0x204,sub_A007E2EC,129,1,3,0,unclassified,picture_pq
0xA007E4F0,0xA007E61C,0x12C,sub_A007E4F0,74,2,17,2,picture_pq,
0xA007E61C,0xA007E884,0x268,sub_A007E61C,153,1,6,22,video_link|picture_pq|scaler_panel,
0xA007E884,0xA007E934,0xB0,sub_A007E884,44,1,0,0,unclassified,
0xA007E934,0xA007E9A4,0x70,sub_A007E934,28,1,6,0,unclassified,picture_pq
0xA007E9A4,0xA007EA18,0x74,sub_A007E9A4,29,2,6,0,unclassified,picture_pq
0xA007EA18,0xA007EA9C,0x84,sub_A007EA18,33,1,2,0,unclassified,
0xA007EA9C,0xA007EB00,0x64,sub_A007EA9C,25,1,1,0,unclassified,
0xA007EB30,0xA007EDB4,0x284,sub_A007EB30,159,1,3,0,unclassified,picture_pq
0xA007EDB4,0xA007EEEC,0x138,sub_A007EDB4,78,2,3,0,unclassified,picture_pq
0xA007EEEC,0xA007F0A8,0x1BC,sub_A007EEEC,110,1,8,0,unclassified,picture_pq
0xA007F0A8,0xA007F0DC,0x34,sub_A007F0A8,13,1,1,0,unclassified,
0xA007F0DC,0xA007F128,0x4C,sub_A007F0DC,19,1,0,0,unclassified,
0xA007F128,0xA007F3F4,0x2CC,sub_A007F128,174,1,3,0,unclassified,video_link
0xA007F3F4,0xA007F4A8,0xB4,sub_A007F3F4,45,1,6,0,unclassified,picture_pq
0xA007F4A8,0xA007F6E8,0x240,sub_A007F4A8,141,1,17,4,picture_pq,
0xA007F6E8,0xA007F6F4,0xC,sub_A007F6E8,3,1,0,0,unclassified,
0xA007F6F4,0xA007F728,0x34,sub_A007F6F4,13,2,0,0,unclassified,
0xA007F728,0xA007F74C,0x24,sub_A007F728,9,1,0,0,unclassified,
0xA007F74C,0xA007F768,0x1C,sub_A007F74C,7,1,1,0,unclassified,
0xA007F768,0xA007F888,0x120,sub_A007F768,72,1,0,0,unclassified,
0xA007F888,0xA007F930,0xA8,sub_A007F888,42,1,0,0,unclassified,
0xA007F930,0xA007F990,0x60,sub_A007F930,24,1,0,0,unclassified,
0xA007F990,0xA007FB40,0x1B0,sub_A007F990,104,6,4,0,unclassified,video_link
0xA007FB40,0xA007FD40,0x200,sub_A007FB40,126,2,1,0,unclassified,
0xA007FD40,0xA007FE5C,0x11C,sub_A007FD40,70,1,3,0,unclassified,video_link
0xA007FE5C,0xA007FF64,0x108,sub_A007FE5C,64,1,2,0,unclassified,video_link
0xA007FF64,0xA007FFCC,0x68,sub_A007FF64,26,5,0,0,unclassified,power
0xA007FFCC,0xA007FFFC,0x30,sub_A007FFCC,12,1,0,0,unclassified,
0xA007FFFC,0xA0080040,0x44,sub_A007FFFC,17,5,0,0,unclassified,
0xA0080040,0xA0080088,0x48,sub_A0080040,17,39,0,0,unclassified,video_link
0xA0080088,0xA008012C,0xA4,sub_A0080088,40,19,0,0,unclassified,video_link
0xA008012C,0xA00801A0,0x74,sub_A008012C,29,1,0,0,unclassified,
0xA00801A0,0xA008027C,0xDC,sub_A00801A0,55,1,0,0,unclassified,
0xA008027C,0xA0080394,0x118,sub_A008027C,69,26,0,0,unclassified,video_link
0xA0080394,0xA00803FC,0x68,sub_A0080394,25,1,0,0,unclassified,
0xA00803FC,0xA0080478,0x7C,sub_A00803FC,31,8,1,0,unclassified,video_link
0xA0080478,0xA00804E4,0x6C,sub_A0080478,25,7,0,0,unclassified,video_link
0xA00804E4,0xA0080514,0x30,sub_A00804E4,10,1,0,0,unclassified,
0xA0080514,0xA0080538,0x24,sub_A0080514,7,7,0,0,unclassified,video_link
0xA0080538,0xA0080560,0x28,sub_A0080538,10,7,0,0,unclassified,video_link
0xA0080560,0xA0080600,0xA0,sub_A0080560,39,37,3,0,unclassified,video_link
0xA0080600,0xA0080730,0x130,sub_A0080600,75,36,3,0,unclassified,video_link
0xA0080730,0xA0080928,0x1F8,sub_A0080730,125,39,3,0,unclassified,video_link
0xA0080928,0xA00809FC,0xD4,sub_A0080928,52,4,3,0,unclassified,video_link
0xA00809FC,0xA0080B04,0x108,sub_A00809FC,65,1,3,0,unclassified,video_link
0xA0080B04,0xA0080C08,0x104,sub_A0080B04,65,2,4,0,unclassified,video_link
0xA0080C08,0xA0080D10,0x108,sub_A0080C08,66,2,4,0,unclassified,video_link
0xA0080D10,0xA0080D58,0x48,sub_A0080D10,17,7,0,0,unclassified,video_link
0xA0080D58,0xA0080DF0,0x98,sub_A0080D58,38,5,0,0,unclassified,
0xA0080DF0,0xA0080F00,0x110,sub_A0080DF0,67,2,0,0,unclassified,
0xA0080F00,0xA0080F4C,0x4C,sub_A0080F00,19,4,0,0,unclassified,
0xA0080F4C,0xA0080F94,0x48,sub_A0080F4C,18,4,0,0,unclassified,
0xA0080F94,0xA0081058,0xC4,sub_A0080F94,48,6,0,0,unclassified,
0xA0081058,0xA00810AC,0x54,sub_A0081058,21,2,0,0,unclassified,
0xA00810AC,0xA0081100,0x54,sub_A00810AC,21,14,0,0,unclassified,video_link
0xA0081100,0xA0081144,0x44,sub_A0081100,17,3,0,0,unclassified,video_link
0xA0081144,0xA008116C,0x28,sub_A0081144,10,1,0,0,unclassified,
0xA008116C,0xA00811A0,0x34,sub_A008116C,13,1,0,0,unclassified,
0xA00811A0,0xA00811BC,0x1C,sub_A00811A0,7,1,0,0,unclassified,
0xA00811BC,0xA0081200,0x44,sub_A00811BC,17,19,3,0,unclassified,video_link
0xA0081200,0xA0081220,0x20,sub_A0081200,8,8,2,0,unclassified,video_link
0xA0081220,0xA0081250,0x30,sub_A0081220,12,20,2,0,unclassified,video_link
0xA0081250,0xA00813AC,0x15C,sub_A0081250,83,3,0,0,unclassified,
0xA00813AC,0xA00814B0,0x104,sub_A00813AC,62,6,0,0,unclassified,
0xA00814B0,0xA008164C,0x19C,sub_A00814B0,97,6,0,0,unclassified,
0xA008164C,0xA00816A8,0x5C,sub_A008164C,22,11,0,0,unclassified,power
0xA00816A8,0xA00816FC,0x54,sub_A00816A8,20,14,0,0,unclassified,power
0xA00816FC,0xA0081798,0x9C,sub_A00816FC,39,10,0,0,unclassified,power
0xA0081798,0xA0081830,0x98,sub_A0081798,37,1,0,0,unclassified,
0xA0081830,0xA00818A0,0x70,sub_A0081830,28,1,1,0,unclassified,
0xA00818A0,0xA0081948,0xA8,sub_A00818A0,40,3,0,0,unclassified,
0xA0081948,0xA00819EC,0xA4,sub_A0081948,39,3,0,0,unclassified,
0xA00819EC,0xA0081AC8,0xDC,sub_A00819EC,55,4,0,0,unclassified,
0xA0081AC8,0xA0081B14,0x4C,sub_A0081AC8,18,3,0,0,unclassified,
0xA0081B14,0xA0081BA8,0x94,sub_A0081B14,37,1,0,0,unclassified,
0xA0081BA8,0xA0081BFC,0x54,sub_A0081BA8,20,1,0,0,unclassified,
0xA0081BFC,0xA0081C38,0x3C,sub_A0081BFC,15,4,0,0,unclassified,
0xA0081C38,0xA0081CBC,0x84,sub_A0081C38,32,1,0,0,unclassified,
0xA0081CBC,0xA0081CF4,0x38,sub_A0081CBC,14,2,0,0,unclassified,
0xA0081CF4,0xA0081D38,0x44,sub_A0081CF4,16,1,0,0,unclassified,
0xA0081D38,0xA0081DC8,0x90,sub_A0081D38,36,3,0,0,unclassified,
0xA0081DC8,0xA0081ED0,0x108,sub_A0081DC8,65,4,0,0,unclassified,
0xA0081ED0,0xA0081EE4,0x14,sub_A0081ED0,5,2,0,0,unclassified,
0xA0081EE4,0xA0081F40,0x5C,sub_A0081EE4,23,3,1,0,unclassified,audio
0xA0081F8C,0xA008205C,0xD0,sub_A0081F8C,50,3,0,0,unclassified,audio
0xA008205C,0xA00820A0,0x44,sub_A008205C,17,1,1,0,unclassified,
0xA00820A0,0xA0082100,0x60,sub_A00820A0,24,2,2,0,unclassified,
0xA0082100,0xA008212C,0x2C,sub_A0082100,11,1,0,0,unclassified,
0xA0082140,0xA0082378,0x238,sub_A0082140,132,1,0,0,unclassified,
0xA0082378,0xA00824DC,0x164,sub_A0082378,88,1,0,0,unclassified,
0xA00824DC,0xA0082588,0xAC,sub_A00824DC,41,1,0,0,unclassified,
0xA0082588,0xA00825A4,0x1C,sub_A0082588,6,2,0,0,unclassified,
0xA00825A4,0xA008260C,0x68,sub_A00825A4,25,1,0,0,unclassified,
0xA008260C,0xA0082650,0x44,sub_A008260C,16,1,0,0,unclassified,
0xA0082650,0xA008270C,0xBC,sub_A0082650,46,1,1,0,unclassified,
0xA008270C,0xA0082744,0x38,sub_A008270C,14,1,0,0,unclassified,
0xA0082744,0xA008276C,0x28,sub_A0082744,10,1,0,0,unclassified,
0xA008276C,0xA0082794,0x28,sub_A008276C,10,1,0,0,unclassified,
0xA0082794,0xA00827AC,0x18,sub_A0082794,6,2,0,0,unclassified,
0xA00827AC,0xA00827E8,0x3C,sub_A00827AC,14,2,0,0,unclassified,
0xA0082818,0xA00828BC,0xA4,sub_A0082818,41,1,5,0,unclassified,
0xA00828BC,0xA0082B28,0x26C,sub_A00828BC,152,1,4,0,unclassified,
0xA0082B74,0xA0082DE4,0x270,sub_A0082B74,142,1,0,0,unclassified,
0xA0082DE4,0xA0082E00,0x1C,sub_A0082DE4,7,3,0,0,unclassified,
0xA0082E24,0xA0083018,0x1F4,sub_A0082E24,116,1,1,4,audio|diagnostics,
0xA0083064,0xA0083450,0x3EC,sub_A0083064,251,2,3,0,unclassified,
0xA0083450,0xA008349C,0x4C,sub_A0083450,18,1,0,0,unclassified,
0xA008349C,0xA0083530,0x94,sub_A008349C,35,1,2,0,unclassified,
0xA0083530,0xA00835F4,0xC4,sub_A0083530,49,1,2,0,unclassified,
0xA00835F4,0xA0083654,0x60,sub_A00835F4,24,1,2,0,unclassified,video_link
0xA0083654,0xA00836BC,0x68,sub_A0083654,26,2,2,0,unclassified,
0xA00836BC,0xA00837BC,0x100,sub_A00836BC,64,2,6,0,unclassified,video_link
0xA00837BC,0xA00837D4,0x18,sub_A00837BC,6,2,1,0,unclassified,
0xA00837D4,0xA0083830,0x5C,sub_A00837D4,23,1,1,0,unclassified,
0xA0083830,0xA0083858,0x28,sub_A0083830,10,1,1,0,unclassified,
0xA0083858,0xA0083878,0x20,sub_A0083858,8,2,1,0,unclassified,
0xA0083878,0xA0083898,0x20,sub_A0083878,8,1,1,0,unclassified,
0xA0083898,0xA0083914,0x7C,sub_A0083898,31,1,2,0,unclassified,
0xA0083914,0xA0083950,0x3C,sub_A0083914,15,1,2,0,unclassified,
0xA0083950,0xA0083B28,0x1D8,sub_A0083950,116,1,10,2,audio,
0xA0083B28,0xA0083C00,0xD8,sub_A0083B28,51,1,4,0,unclassified,
0xA0083CC0,0xA0084518,0x858,sub_A0083CC0,529,2,5,0,unclassified,
0xA0084518,0xA00845B8,0xA0,sub_A0084518,40,1,3,0,unclassified,
0xA00845B8,0xA00846D8,0x120,sub_A00845B8,71,2,3,0,unclassified,
0xA00846D8,0xA00848B0,0x1D8,sub_A00846D8,114,1,8,0,unclassified,audio
0xA00848B0,0xA0084AE4,0x234,sub_A00848B0,141,1,13,2,unclassified,audio
0xA0084AE4,0xA0084D24,0x240,sub_A0084AE4,141,1,12,0,unclassified,
0xA0084D24,0xA0084ED8,0x1B4,sub_A0084D24,109,1,1,0,unclassified,
0xA0084ED8,0xA0084F48,0x70,sub_A0084ED8,26,1,0,0,unclassified,
0xA0084F48,0xA0084F64,0x1C,sub_A0084F48,7,3,0,0,unclassified,video_link
0xA0084F64,0xA0085080,0x11C,sub_A0084F64,70,1,5,2,video_link,
0xA0085080,0xA008513C,0xBC,sub_A0085080,45,1,0,0,unclassified,
0xA008513C,0xA0085278,0x13C,sub_A008513C,79,1,2,0,unclassified,video_link
0xA0085278,0xA0085458,0x1E0,sub_A0085278,118,1,5,2,video_link,
0xA0085458,0xA00856A8,0x250,sub_A0085458,147,1,3,0,unclassified,video_link
0xA00856A8,0xA00857E4,0x13C,sub_A00856A8,76,1,2,0,unclassified,video_link
0xA00857E4,0xA00858F8,0x114,sub_A00857E4,69,1,3,0,unclassified,video_link
0xA00858F8,0xA0085CE0,0x3E8,sub_A00858F8,248,1,13,4,video_link,
0xA0085CE0,0xA0085D34,0x54,sub_A0085CE0,21,2,0,0,unclassified,video_link
0xA0085D34,0xA0085F1C,0x1E8,sub_A0085D34,121,1,4,0,unclassified,video_link
0xA0085F1C,0xA0085FF0,0xD4,sub_A0085F1C,53,1,2,0,unclassified,
0xA0085FF0,0xA00861DC,0x1EC,sub_A0085FF0,122,1,2,0,unclassified,
0xA00861DC,0xA0086870,0x694,sub_A00861DC,413,2,11,8,unclassified,video_link
0xA0086870,0xA00869E4,0x174,sub_A0086870,92,1,3,0,unclassified,video_link
0xA00869E4,0xA0086A34,0x50,sub_A00869E4,20,1,1,0,unclassified,
0xA0086A34,0xA0086B50,0x11C,sub_A0086A34,71,1,2,0,unclassified,
0xA0086B88,0xA0087124,0x59C,sub_A0086B88,358,1,8,4,video_link,
0xA008715C,0xA0087AC4,0x968,sub_A008715C,600,1,7,2,video_link,
0xA0087AC4,0xA0087ADC,0x18,sub_A0087AC4,6,1,2,0,unclassified,video_link
0xA0087ADC,0xA0087C1C,0x140,sub_A0087ADC,80,1,2,0,unclassified,
0xA0087C1C,0xA0087F28,0x30C,sub_A0087C1C,195,1,1,0,unclassified,
0xA0087F44,0xA0087FF0,0xAC,sub_A0087F44,43,1,0,0,unclassified,
0xA008800C,0xA008816C,0x160,sub_A008800C,88,2,0,0,unclassified,
0xA008816C,0xA0088318,0x1AC,sub_A008816C,104,1,2,0,unclassified,
0xA0088318,0xA0088324,0xC,sub_A0088318,3,1,0,0,unclassified,
0xA0088324,0xA0088390,0x6C,sub_A0088324,27,1,8,2,diagnostics,
0xA0088390,0xA0088560,0x1D0,sub_A0088390,112,1,13,0,unclassified,power
0xA0088560,0xA00885BC,0x5C,sub_A0088560,22,1,1,0,unclassified,
0xA00885BC,0xA0088624,0x68,sub_A00885BC,26,1,9,0,unclassified,video_link
0xA0088624,0xA0088650,0x2C,sub_A0088624,11,5,1,0,unclassified,
0xA0088650,0xA008867C,0x2C,sub_A0088650,11,5,1,0,unclassified,
0xA008867C,0xA00886B8,0x3C,sub_A008867C,15,1,1,0,unclassified,
0xA00886B8,0xA0088728,0x70,sub_A00886B8,28,2,0,0,unclassified,
0xA0088728,0xA00887D4,0xAC,sub_A0088728,43,1,1,0,unclassified,
0xA00887D4,0xA0088860,0x8C,sub_A00887D4,35,3,2,0,unclassified,
0xA0088860,0xA00888D4,0x74,sub_A0088860,29,1,0,0,unclassified,
0xA00888D4,0xA0088A38,0x164,sub_A00888D4,89,1,4,0,unclassified,
0xA0088A38,0xA0088A48,0x10,sub_A0088A38,4,3,0,0,unclassified,
0xA0088A48,0xA0088A58,0x10,sub_A0088A48,4,3,0,0,unclassified,
0xA0088A58,0xA0088A68,0x10,sub_A0088A58,4,1,0,0,unclassified,
0xA0088A68,0xA0088A78,0x10,sub_A0088A68,4,1,0,0,unclassified,
0xA0088A78,0xA0088A84,0xC,sub_A0088A78,3,1,0,0,unclassified,
0xA0088A84,0xA0088D2C,0x2A8,sub_A0088A84,168,1,7,2,unclassified,
0xA0088D2C,0xA0088EF4,0x1C8,sub_A0088D2C,114,1,14,0,unclassified,video_link
0xA0089300,0xA008A7E0,0x14E0,sub_A0089300,1324,1,90,2,power,
0xA008A7E0,0xA008A838,0x58,sub_A008A7E0,22,0,4,0,unclassified,
0xA008A838,0xA008A864,0x2C,sub_A008A838,11,1,0,0,unclassified,
0xA008A864,0xA008A8D4,0x70,sub_A008A864,27,1,1,0,unclassified,
0xA008A8D4,0xA008A910,0x3C,sub_A008A8D4,14,1,0,0,unclassified,
0xA008A910,0xA008A968,0x58,sub_A008A910,21,1,0,0,unclassified,
0xA008A968,0xA008A9DC,0x74,sub_A008A968,29,1,0,0,unclassified,
0xA008A9DC,0xA008AA38,0x5C,sub_A008A9DC,22,1,0,0,unclassified,
0xA008AA38,0xA008AA44,0xC,sub_A008AA38,3,2,0,0,unclassified,video_link
0xA008AA44,0xA008AA64,0x20,sub_A008AA44,8,1,1,0,unclassified,video_link
0xA008AA64,0xA008AB00,0x9C,sub_A008AA64,39,1,2,0,unclassified,power
0xA008AB00,0xA008AC8C,0x18C,sub_A008AB00,99,1,4,0,unclassified,
0xA008ACA0,0xA008B600,0x960,sub_A008ACA0,588,1,41,48,video_link|picture_pq|power|events_tasks|diagnostics,
0xA008B600,0xA008B74C,0x14C,sub_A008B600,83,2,4,0,unclassified,video_link
0xA008B74C,0xA008BAC4,0x378,sub_A008B74C,213,1,8,25,video_link|picture_pq,
0xA008BAD8,0xA008C4D0,0x9F8,sub_A008BAD8,629,1,45,36,video_link|picture_pq|power,
0xA008C4D0,0xA008C530,0x60,sub_A008C4D0,20,1,4,0,unclassified,video_link
0xA008C530,0xA008C83C,0x30C,sub_A008C530,181,1,0,0,unclassified,
