architecture,record,site,file_offset,raw_kind,dispatch_class,target_source,static_targets,resolution_status,containing_function,evidence
MCS-51/8051,0,0x00000F33,0x00000F73,computed-jump,jump-table-A-plus-DPTR,code[DPTR + A],NONE,UNRESOLVED_RUNTIME_INDEX_OR_TABLE,UNRESOLVED,opcode 0x73 JMP @A+DPTR; live DPTR/A not captured
MCS-51/8051,0,0x00001123,0x00001163,computed-jump,jump-table-A-plus-DPTR,code[DPTR + A],NONE,UNRESOLVED_RUNTIME_INDEX_OR_TABLE,UNRESOLVED,opcode 0x73 JMP @A+DPTR; live DPTR/A not captured
MCS-51/8051,1,0x000006A3,0x00008703,computed-jump,jump-table-A-plus-DPTR,code[DPTR + A],NONE,UNRESOLVED_RUNTIME_INDEX_OR_TABLE,UNRESOLVED,opcode 0x73 JMP @A+DPTR; live DPTR/A not captured
MCS-51/8051,1,0x000009D3,0x00008A33,computed-jump,jump-table-A-plus-DPTR,code[DPTR + A],NONE,UNRESOLVED_RUNTIME_INDEX_OR_TABLE,UNRESOLVED,opcode 0x73 JMP @A+DPTR; live DPTR/A not captured
MCS-51/8051,1,0x00000A66,0x00008AC6,computed-jump,jump-table-A-plus-DPTR,code[DPTR + A],NONE,UNRESOLVED_RUNTIME_INDEX_OR_TABLE,UNRESOLVED,opcode 0x73 JMP @A+DPTR; live DPTR/A not captured
MCS-51/8051,1,0x00000A77,0x00008AD7,computed-jump,jump-table-A-plus-DPTR,code[DPTR + A],NONE,UNRESOLVED_RUNTIME_INDEX_OR_TABLE,UNRESOLVED,opcode 0x73 JMP @A+DPTR; live DPTR/A not captured
MCS-51/8051,1,0x00001C8B,0x00009CEB,computed-jump,jump-table-A-plus-DPTR,code[DPTR + A],NONE,UNRESOLVED_RUNTIME_INDEX_OR_TABLE,UNRESOLVED,opcode 0x73 JMP @A+DPTR; live DPTR/A not captured
MCS-51/8051,1,0x000027B5,0x0000A815,computed-jump,jump-table-A-plus-DPTR,code[DPTR + A],NONE,UNRESOLVED_RUNTIME_INDEX_OR_TABLE,UNRESOLVED,opcode 0x73 JMP @A+DPTR; live DPTR/A not captured
MCS-51/8051,1,0x000050A9,0x0000D109,computed-jump,jump-table-A-plus-DPTR,code[DPTR + A],NONE,UNRESOLVED_RUNTIME_INDEX_OR_TABLE,UNRESOLVED,opcode 0x73 JMP @A+DPTR; live DPTR/A not captured
MCS-51/8051,1,0x000050AD,0x0000D10D,computed-jump,jump-table-A-plus-DPTR,code[DPTR + A],NONE,UNRESOLVED_RUNTIME_INDEX_OR_TABLE,UNRESOLVED,opcode 0x73 JMP @A+DPTR; live DPTR/A not captured
MCS-51/8051,1,0x000050E7,0x0000D147,computed-jump,jump-table-A-plus-DPTR,code[DPTR + A],NONE,UNRESOLVED_RUNTIME_INDEX_OR_TABLE,UNRESOLVED,opcode 0x73 JMP @A+DPTR; live DPTR/A not captured
MCS-51/8051,1,0x00005104,0x0000D164,computed-jump,jump-table-A-plus-DPTR,code[DPTR + A],NONE,UNRESOLVED_RUNTIME_INDEX_OR_TABLE,UNRESOLVED,opcode 0x73 JMP @A+DPTR; live DPTR/A not captured
MCS-51/8051,1,0x00005E6A,0x0000DECA,computed-jump,jump-table-A-plus-DPTR,code[DPTR + A],NONE,UNRESOLVED_RUNTIME_INDEX_OR_TABLE,UNRESOLVED,opcode 0x73 JMP @A+DPTR; live DPTR/A not captured
MCS-51/8051,1,0x00006556,0x0000E5B6,computed-jump,jump-table-A-plus-DPTR,code[DPTR + A],NONE,UNRESOLVED_RUNTIME_INDEX_OR_TABLE,UNRESOLVED,opcode 0x73 JMP @A+DPTR; live DPTR/A not captured
MCS-51/8051,1,0x00006621,0x0000E681,computed-jump,jump-table-A-plus-DPTR,code[DPTR + A],NONE,UNRESOLVED_RUNTIME_INDEX_OR_TABLE,UNRESOLVED,opcode 0x73 JMP @A+DPTR; live DPTR/A not captured
MCS-51/8051,1,0x0000C0FD,0x0001415D,computed-jump,jump-table-A-plus-DPTR,code[DPTR + A],NONE,UNRESOLVED_RUNTIME_INDEX_OR_TABLE,UNRESOLVED,opcode 0x73 JMP @A+DPTR; live DPTR/A not captured
MCS-51/8051,1,0x0000C9A7,0x00014A07,computed-jump,jump-table-A-plus-DPTR,code[DPTR + A],NONE,UNRESOLVED_RUNTIME_INDEX_OR_TABLE,UNRESOLVED,opcode 0x73 JMP @A+DPTR; live DPTR/A not captured
MCS-51/8051,1,0x0000CC90,0x00014CF0,computed-jump,jump-table-A-plus-DPTR,code[DPTR + A],NONE,UNRESOLVED_RUNTIME_INDEX_OR_TABLE,UNRESOLVED,opcode 0x73 JMP @A+DPTR; live DPTR/A not captured
MCS-51/8051,1,0x0000CF2D,0x00014F8D,computed-jump,jump-table-A-plus-DPTR,code[DPTR + A],NONE,UNRESOLVED_RUNTIME_INDEX_OR_TABLE,UNRESOLVED,opcode 0x73 JMP @A+DPTR; live DPTR/A not captured
MCS-51/8051,2,0x00002491,0x00019FD1,computed-jump,jump-table-A-plus-DPTR,code[DPTR + A],NONE,UNRESOLVED_RUNTIME_INDEX_OR_TABLE,UNRESOLVED,opcode 0x73 JMP @A+DPTR; live DPTR/A not captured
MCS-51/8051,2,0x00002784,0x0001A2C4,computed-jump,jump-table-A-plus-DPTR,code[DPTR + A],NONE,UNRESOLVED_RUNTIME_INDEX_OR_TABLE,UNRESOLVED,opcode 0x73 JMP @A+DPTR; live DPTR/A not captured
MCS-51/8051,2,0x000027D9,0x0001A319,computed-jump,jump-table-A-plus-DPTR,code[DPTR + A],NONE,UNRESOLVED_RUNTIME_INDEX_OR_TABLE,UNRESOLVED,opcode 0x73 JMP @A+DPTR; live DPTR/A not captured
SPARC-V8-BE32,5,0x00100564,0x0012E564,computed-jump,jump-table-or-computed-dispatch,mem[%r28],NONE,UNRESOLVED_RUNTIME_INDEX_OR_TABLE,0x001002CC:sub_1002CC,JMPL with rd=%g0; table/index contents not statically fixed
SPARC-V8-BE32,5,0x001015B0,0x0012F5B0,computed-jump,jump-table-or-computed-dispatch,mem[%r25],NONE,UNRESOLVED_RUNTIME_INDEX_OR_TABLE,0x00101538:sub_101538,JMPL with rd=%g0; table/index contents not statically fixed
SPARC-V8-BE32,5,0x0010559C,0x0013359C,indirect-call,function-pointer-register,mem[%r11],NONE,UNRESOLVED_DATAFLOW_OR_RUNTIME,0x00105500:sub_105500,indirect call target loaded/computed through register
SPARC-V8-BE32,5,0x00105674,0x00133674,indirect-call,function-pointer-register,mem[%r10],NONE,UNRESOLVED_DATAFLOW_OR_RUNTIME,0x00105500:sub_105500,indirect call target loaded/computed through register
SPARC-V8-BE32,5,0x00107A64,0x00135A64,computed-jump,jump-table-or-computed-dispatch,mem[%r13],NONE,UNRESOLVED_RUNTIME_INDEX_OR_TABLE,0x001079AC:sub_1079AC,JMPL with rd=%g0; table/index contents not statically fixed
SPARC-V8-BE32,5,0x00108D18,0x00136D18,computed-jump,jump-table-or-computed-dispatch,mem[%r13],NONE,UNRESOLVED_RUNTIME_INDEX_OR_TABLE,0x00108B94:sub_108B94,JMPL with rd=%g0; table/index contents not statically fixed
SPARC-V8-BE32,5,0x00108FD0,0x00136FD0,computed-jump,jump-table-or-computed-dispatch,mem[%r13],NONE,UNRESOLVED_RUNTIME_INDEX_OR_TABLE,0x00108DD0:sub_108DD0,JMPL with rd=%g0; table/index contents not statically fixed
SPARC-V8-BE32,5,0x00114040,0x00142040,computed-jump,jump-table-or-computed-dispatch,mem[%r13],NONE,UNRESOLVED_RUNTIME_INDEX_OR_TABLE,0x00114004:sub_114004,JMPL with rd=%g0; table/index contents not statically fixed
SPARC-V8-BE32,5,0x00114420,0x00142420,computed-jump,jump-table-or-computed-dispatch,mem[%r13],NONE,UNRESOLVED_RUNTIME_INDEX_OR_TABLE,0x001143F0:sub_1143F0,JMPL with rd=%g0; table/index contents not statically fixed
SPARC-V8-BE32,5,0x00114668,0x00142668,computed-jump,jump-table-or-computed-dispatch,mem[%r8],NONE,UNRESOLVED_RUNTIME_INDEX_OR_TABLE,0x00114530:sub_114530,JMPL with rd=%g0; table/index contents not statically fixed
SPARC-V8-BE32,5,0x0011498C,0x0014298C,computed-jump,jump-table-or-computed-dispatch,mem[%r11],NONE,UNRESOLVED_RUNTIME_INDEX_OR_TABLE,0x00114904:sub_114904,JMPL with rd=%g0; table/index contents not statically fixed
SPARC-V8-BE32,5,0x001151A4,0x001431A4,computed-jump,jump-table-or-computed-dispatch,mem[%r13],NONE,UNRESOLVED_RUNTIME_INDEX_OR_TABLE,0x00114DF8:sub_114DF8,JMPL with rd=%g0; table/index contents not statically fixed
SPARC-V8-BE32,5,0x00115D5C,0x00143D5C,computed-jump,jump-table-or-computed-dispatch,mem[%r13],NONE,UNRESOLVED_RUNTIME_INDEX_OR_TABLE,0x00115D30:sub_115D30,JMPL with rd=%g0; table/index contents not statically fixed
SPARC-V8-BE32,5,0x00115EE0,0x00143EE0,computed-jump,jump-table-or-computed-dispatch,mem[%r13],NONE,UNRESOLVED_RUNTIME_INDEX_OR_TABLE,0x00115E54:sub_115E54,JMPL with rd=%g0; table/index contents not statically fixed
SPARC-V8-BE32,5,0x00115F2C,0x00143F2C,computed-jump,jump-table-or-computed-dispatch,mem[%r15],NONE,UNRESOLVED_RUNTIME_INDEX_OR_TABLE,0x00115E54:sub_115E54,JMPL with rd=%g0; table/index contents not statically fixed
SPARC-V8-BE32,5,0x001165C8,0x001445C8,computed-jump,jump-table-or-computed-dispatch,mem[%r13],NONE,UNRESOLVED_RUNTIME_INDEX_OR_TABLE,0x00116498:sub_116498,JMPL with rd=%g0; table/index contents not statically fixed
SPARC-V8-BE32,5,0x00116684,0x00144684,computed-jump,jump-table-or-computed-dispatch,mem[%r13],NONE,UNRESOLVED_RUNTIME_INDEX_OR_TABLE,0x00116498:sub_116498,JMPL with rd=%g0; table/index contents not statically fixed
SPARC-V8-BE32,5,0x00118B18,0x00146B18,computed-jump,jump-table-or-computed-dispatch,mem[%r13],NONE,UNRESOLVED_RUNTIME_INDEX_OR_TABLE,UNRESOLVED,JMPL with rd=%g0; table/index contents not statically fixed
SPARC-V8-BE32,5,0x0011BAE4,0x00149AE4,computed-jump,jump-table-or-computed-dispatch,mem[%r29],NONE,UNRESOLVED_RUNTIME_INDEX_OR_TABLE,0x0011BA10:sub_11BA10,JMPL with rd=%g0; table/index contents not statically fixed
SPARC-V8-BE32,5,0x0011DA34,0x0014BA34,computed-jump,jump-table-or-computed-dispatch,mem[%r13],NONE,UNRESOLVED_RUNTIME_INDEX_OR_TABLE,UNRESOLVED,JMPL with rd=%g0; table/index contents not statically fixed
SPARC-V8-BE32,5,0x0011DE20,0x0014BE20,computed-jump,jump-table-or-computed-dispatch,mem[%r13],NONE,UNRESOLVED_RUNTIME_INDEX_OR_TABLE,0x0011DE08:sub_11DE08,JMPL with rd=%g0; table/index contents not statically fixed
SPARC-V8-BE32,5,0x0011E640,0x0014C640,computed-jump,jump-table-or-computed-dispatch,mem[%r25],NONE,UNRESOLVED_RUNTIME_INDEX_OR_TABLE,0x0011E5B4:sub_11E5B4,JMPL with rd=%g0; table/index contents not statically fixed
SPARC-V8-BE32,5,0x0011FF4C,0x0014DF4C,computed-jump,jump-table-or-computed-dispatch,mem[%r18],NONE,UNRESOLVED_RUNTIME_INDEX_OR_TABLE,0x0011F9B0:sub_11F9B0,JMPL with rd=%g0; table/index contents not statically fixed
SPARC-V8-BE32,5,0x00121084,0x0014F084,computed-jump,jump-table-or-computed-dispatch,mem[%r13],NONE,UNRESOLVED_RUNTIME_INDEX_OR_TABLE,0x00121050:sub_121050,JMPL with rd=%g0; table/index contents not statically fixed
SPARC-V8-BE32,5,0x001210E8,0x0014F0E8,computed-jump,jump-table-or-computed-dispatch,mem[%r13],NONE,UNRESOLVED_RUNTIME_INDEX_OR_TABLE,0x001210B4:sub_1210B4,JMPL with rd=%g0; table/index contents not statically fixed
SPARC-V8-BE32,5,0x001212BC,0x0014F2BC,computed-jump,jump-table-or-computed-dispatch,mem[%r13],NONE,UNRESOLVED_RUNTIME_INDEX_OR_TABLE,0x00121288:sub_121288,JMPL with rd=%g0; table/index contents not statically fixed
SPARC-V8-BE32,5,0x00122730,0x00150730,computed-jump,jump-table-or-computed-dispatch,mem[%r13],NONE,UNRESOLVED_RUNTIME_INDEX_OR_TABLE,UNRESOLVED,JMPL with rd=%g0; table/index contents not statically fixed
SPARC-V8-BE32,5,0x00122888,0x00150888,computed-jump,jump-table-or-computed-dispatch,mem[%r13],NONE,UNRESOLVED_RUNTIME_INDEX_OR_TABLE,UNRESOLVED,JMPL with rd=%g0; table/index contents not statically fixed
SPARC-V8-BE32,5,0x00122A44,0x00150A44,computed-jump,jump-table-or-computed-dispatch,mem[%r13],NONE,UNRESOLVED_RUNTIME_INDEX_OR_TABLE,0x001229F8:sub_1229F8,JMPL with rd=%g0; table/index contents not statically fixed
SPARC-V8-BE32,5,0x00122F28,0x00150F28,computed-jump,jump-table-or-computed-dispatch,mem[%r13],NONE,UNRESOLVED_RUNTIME_INDEX_OR_TABLE,0x00122F08:sub_122F08,JMPL with rd=%g0; table/index contents not statically fixed
SPARC-V8-BE32,5,0x00123030,0x00151030,computed-jump,jump-table-or-computed-dispatch,mem[%r13],NONE,UNRESOLVED_RUNTIME_INDEX_OR_TABLE,0x00123010:sub_123010,JMPL with rd=%g0; table/index contents not statically fixed
SPARC-V8-BE32,5,0x001231BC,0x001511BC,computed-jump,jump-table-or-computed-dispatch,mem[%r13],NONE,UNRESOLVED_RUNTIME_INDEX_OR_TABLE,0x0012319C:sub_12319C,JMPL with rd=%g0; table/index contents not statically fixed
SPARC-V8-BE32,5,0x0012347C,0x0015147C,computed-jump,jump-table-or-computed-dispatch,mem[%r13],NONE,UNRESOLVED_RUNTIME_INDEX_OR_TABLE,0x0012345C:sub_12345C,JMPL with rd=%g0; table/index contents not statically fixed
SPARC-V8-BE32,5,0x00123AE4,0x00151AE4,computed-jump,jump-table-or-computed-dispatch,mem[%r13],NONE,UNRESOLVED_RUNTIME_INDEX_OR_TABLE,0x00123AC4:sub_123AC4,JMPL with rd=%g0; table/index contents not statically fixed
SPARC-V8-BE32,5,0x00124364,0x00152364,computed-jump,jump-table-or-computed-dispatch,mem[%r13],NONE,UNRESOLVED_RUNTIME_INDEX_OR_TABLE,0x00124344:sub_124344,JMPL with rd=%g0; table/index contents not statically fixed
SPARC-V8-BE32,5,0x00124640,0x00152640,computed-jump,jump-table-or-computed-dispatch,mem[%r15],NONE,UNRESOLVED_RUNTIME_INDEX_OR_TABLE,0x00124600:sub_124600,JMPL with rd=%g0; table/index contents not statically fixed
SPARC-V8-BE32,5,0x0012519C,0x0015319C,computed-jump,jump-table-or-computed-dispatch,mem[%r13],NONE,UNRESOLVED_RUNTIME_INDEX_OR_TABLE,0x0012517C:sub_12517C,JMPL with rd=%g0; table/index contents not statically fixed
SPARC-V8-BE32,5,0x00125AEC,0x00153AEC,indirect-call,function-pointer-register,mem[%r18+0x20],NONE,UNRESOLVED_DATAFLOW_OR_RUNTIME,0x0012579C:sub_12579C,indirect call target loaded/computed through register
SPARC-V8-BE32,5,0x00126334,0x00154334,computed-jump,jump-table-or-computed-dispatch,mem[%r13],NONE,UNRESOLVED_RUNTIME_INDEX_OR_TABLE,0x00126314:sub_126314,JMPL with rd=%g0; table/index contents not statically fixed
SPARC-V8-BE32,5,0x00126430,0x00154430,computed-jump,jump-table-or-computed-dispatch,mem[%r13],NONE,UNRESOLVED_RUNTIME_INDEX_OR_TABLE,UNRESOLVED,JMPL with rd=%g0; table/index contents not statically fixed
SPARC-V8-BE32,5,0x00126604,0x00154604,computed-jump,jump-table-or-computed-dispatch,mem[%r13],NONE,UNRESOLVED_RUNTIME_INDEX_OR_TABLE,0x001265E8:sub_1265E8,JMPL with rd=%g0; table/index contents not statically fixed
SPARC-V8-BE32,5,0x00126774,0x00154774,computed-jump,jump-table-or-computed-dispatch,mem[%r13],NONE,UNRESOLVED_RUNTIME_INDEX_OR_TABLE,0x00126754:sub_126754,JMPL with rd=%g0; table/index contents not statically fixed
SPARC-V8-BE32,5,0x001268D4,0x001548D4,computed-jump,jump-table-or-computed-dispatch,mem[%r13],NONE,UNRESOLVED_RUNTIME_INDEX_OR_TABLE,UNRESOLVED,JMPL with rd=%g0; table/index contents not statically fixed
SPARC-V8-BE32,5,0x00126A48,0x00154A48,computed-jump,jump-table-or-computed-dispatch,mem[%r13],NONE,UNRESOLVED_RUNTIME_INDEX_OR_TABLE,0x00126A2C:sub_126A2C,JMPL with rd=%g0; table/index contents not statically fixed
SPARC-V8-BE32,5,0x00126C94,0x00154C94,computed-jump,jump-table-or-computed-dispatch,mem[%r13],NONE,UNRESOLVED_RUNTIME_INDEX_OR_TABLE,0x00126C74:sub_126C74,JMPL with rd=%g0; table/index contents not statically fixed
SPARC-V8-BE32,5,0x00127130,0x00155130,computed-jump,jump-table-or-computed-dispatch,mem[%r13],NONE,UNRESOLVED_RUNTIME_INDEX_OR_TABLE,0x00127110:sub_127110,JMPL with rd=%g0; table/index contents not statically fixed
SPARC-V8-BE32,5,0x00127C40,0x00155C40,computed-jump,jump-table-or-computed-dispatch,mem[%r13],NONE,UNRESOLVED_RUNTIME_INDEX_OR_TABLE,0x00127C1C:sub_127C1C,JMPL with rd=%g0; table/index contents not statically fixed
SPARC-V8-BE32,5,0x0012ADE8,0x00158DE8,computed-jump,jump-table-or-computed-dispatch,mem[%r9],NONE,UNRESOLVED_RUNTIME_INDEX_OR_TABLE,UNRESOLVED,JMPL with rd=%g0; table/index contents not statically fixed
SPARC-V8-BE32,5,0x0012AEA0,0x00158EA0,computed-jump,jump-table-or-computed-dispatch,mem[%r13],NONE,UNRESOLVED_RUNTIME_INDEX_OR_TABLE,UNRESOLVED,JMPL with rd=%g0; table/index contents not statically fixed
SPARC-V8-BE32,5,0x0012AF30,0x00158F30,computed-jump,jump-table-or-computed-dispatch,mem[%r13],NONE,UNRESOLVED_RUNTIME_INDEX_OR_TABLE,UNRESOLVED,JMPL with rd=%g0; table/index contents not statically fixed
SPARC-V8-BE32,5,0x0012AFC0,0x00158FC0,computed-jump,jump-table-or-computed-dispatch,mem[%r13],NONE,UNRESOLVED_RUNTIME_INDEX_OR_TABLE,UNRESOLVED,JMPL with rd=%g0; table/index contents not statically fixed
SPARC-V8-BE32,5,0x00130660,0x0015E660,computed-jump,jump-table-or-computed-dispatch,mem[%r13],NONE,UNRESOLVED_RUNTIME_INDEX_OR_TABLE,0x0013059C:sub_13059C,JMPL with rd=%g0; table/index contents not statically fixed
SPARC-V8-BE32,5,0x001321EC,0x001601EC,computed-jump,jump-table-or-computed-dispatch,mem[%r10],NONE,UNRESOLVED_RUNTIME_INDEX_OR_TABLE,0x00132148:sub_132148,JMPL with rd=%g0; table/index contents not statically fixed
SPARC-V8-BE32,5,0x001331B4,0x001611B4,computed-jump,jump-table-or-computed-dispatch,mem[%r13],NONE,UNRESOLVED_RUNTIME_INDEX_OR_TABLE,0x00133198:sub_133198,JMPL with rd=%g0; table/index contents not statically fixed
SPARC-V8-BE32,5,0x001355A4,0x001635A4,computed-jump,jump-table-or-computed-dispatch,mem[%r9],NONE,UNRESOLVED_RUNTIME_INDEX_OR_TABLE,0x00135484:sub_135484,JMPL with rd=%g0; table/index contents not statically fixed
SPARC-V8-BE32,5,0x00135768,0x00163768,computed-jump,jump-table-or-computed-dispatch,mem[%r13],NONE,UNRESOLVED_RUNTIME_INDEX_OR_TABLE,0x00135730:sub_135730,JMPL with rd=%g0; table/index contents not statically fixed
SPARC-V8-BE32,5,0x00135820,0x00163820,computed-jump,jump-table-or-computed-dispatch,mem[%r13],NONE,UNRESOLVED_RUNTIME_INDEX_OR_TABLE,0x001357E0:sub_1357E0,JMPL with rd=%g0; table/index contents not statically fixed
SPARC-V8-BE32,5,0x00136998,0x00164998,computed-jump,jump-table-or-computed-dispatch,mem[%r13],NONE,UNRESOLVED_RUNTIME_INDEX_OR_TABLE,UNRESOLVED,JMPL with rd=%g0; table/index contents not statically fixed
SPARC-V8-BE32,5,0x00136CC4,0x00164CC4,computed-jump,jump-table-or-computed-dispatch,mem[%r13],NONE,UNRESOLVED_RUNTIME_INDEX_OR_TABLE,UNRESOLVED,JMPL with rd=%g0; table/index contents not statically fixed
SPARC-V8-BE32,5,0x00138D2C,0x00166D2C,computed-jump,jump-table-or-computed-dispatch,mem[%r13],NONE,UNRESOLVED_RUNTIME_INDEX_OR_TABLE,0x00138CF8:sub_138CF8,JMPL with rd=%g0; table/index contents not statically fixed
SPARC-V8-BE32,5,0x0013A03C,0x0016803C,computed-jump,jump-table-or-computed-dispatch,mem[%r13],NONE,UNRESOLVED_RUNTIME_INDEX_OR_TABLE,UNRESOLVED,JMPL with rd=%g0; table/index contents not statically fixed
SPARC-V8-BE32,5,0x0013FFB0,0x0016DFB0,computed-jump,jump-table-or-computed-dispatch,mem[%r13],NONE,UNRESOLVED_RUNTIME_INDEX_OR_TABLE,0x0013FF88:sub_13FF88,JMPL with rd=%g0; table/index contents not statically fixed
SPARC-V8-BE32,5,0x00140448,0x0016E448,computed-jump,jump-table-or-computed-dispatch,mem[%r11],NONE,UNRESOLVED_RUNTIME_INDEX_OR_TABLE,UNRESOLVED,JMPL with rd=%g0; table/index contents not statically fixed
SPARC-V8-BE32,5,0x00140550,0x0016E550,computed-jump,jump-table-or-computed-dispatch,mem[%r23],NONE,UNRESOLVED_RUNTIME_INDEX_OR_TABLE,UNRESOLVED,JMPL with rd=%g0; table/index contents not statically fixed
SPARC-V8-BE32,5,0x00140674,0x0016E674,computed-jump,jump-table-or-computed-dispatch,mem[%r13],NONE,UNRESOLVED_RUNTIME_INDEX_OR_TABLE,UNRESOLVED,JMPL with rd=%g0; table/index contents not statically fixed
SPARC-V8-BE32,5,0x00140778,0x0016E778,computed-jump,jump-table-or-computed-dispatch,mem[%r23],NONE,UNRESOLVED_RUNTIME_INDEX_OR_TABLE,UNRESOLVED,JMPL with rd=%g0; table/index contents not statically fixed
SPARC-V8-BE32,5,0x00142FC4,0x00170FC4,computed-jump,jump-table-or-computed-dispatch,mem[%r28],NONE,UNRESOLVED_RUNTIME_INDEX_OR_TABLE,0x00142F84:sub_142F84,JMPL with rd=%g0; table/index contents not statically fixed
SPARC-V8-BE32,5,0x00143978,0x00171978,computed-jump,jump-table-or-computed-dispatch,mem[%r13],NONE,UNRESOLVED_RUNTIME_INDEX_OR_TABLE,0x00143830:sub_143830,JMPL with rd=%g0; table/index contents not statically fixed
SPARC-V8-BE32,5,0x00146B50,0x00174B50,computed-jump,jump-table-or-computed-dispatch,mem[%r1],NONE,UNRESOLVED_RUNTIME_INDEX_OR_TABLE,0x001469FC:sub_1469FC,JMPL with rd=%g0; table/index contents not statically fixed
SPARC-V8-BE32,5,0x00146BAC,0x00174BAC,computed-jump,jump-table-or-computed-dispatch,mem[%r28],NONE,UNRESOLVED_RUNTIME_INDEX_OR_TABLE,0x001469FC:sub_1469FC,JMPL with rd=%g0; table/index contents not statically fixed
SPARC-V8-BE32,5,0x00146BC4,0x00174BC4,computed-jump,jump-table-or-computed-dispatch,mem[%r28],NONE,UNRESOLVED_RUNTIME_INDEX_OR_TABLE,0x001469FC:sub_1469FC,JMPL with rd=%g0; table/index contents not statically fixed
SPARC-V8-BE32,5,0x00146FF4,0x00174FF4,computed-jump,jump-table-or-computed-dispatch,mem[%r13],NONE,UNRESOLVED_RUNTIME_INDEX_OR_TABLE,0x00146FD8:sub_146FD8,JMPL with rd=%g0; table/index contents not statically fixed
SPARC-V8-BE32,5,0x00147298,0x00175298,computed-jump,jump-table-or-computed-dispatch,mem[%r13],NONE,UNRESOLVED_RUNTIME_INDEX_OR_TABLE,0x00147264:sub_147264,JMPL with rd=%g0; table/index contents not statically fixed
SPARC-V8-BE32,5,0x001473B8,0x001753B8,computed-jump,jump-table-or-computed-dispatch,mem[%r13],NONE,UNRESOLVED_RUNTIME_INDEX_OR_TABLE,0x00147398:sub_147398,JMPL with rd=%g0; table/index contents not statically fixed
SPARC-V8-BE32,5,0x001474B0,0x001754B0,computed-jump,jump-table-or-computed-dispatch,mem[%r24],NONE,UNRESOLVED_RUNTIME_INDEX_OR_TABLE,0x00147470:sub_147470,JMPL with rd=%g0; table/index contents not statically fixed
SPARC-V8-BE32,5,0x001475F8,0x001755F8,computed-jump,jump-table-or-computed-dispatch,mem[%r13],NONE,UNRESOLVED_RUNTIME_INDEX_OR_TABLE,0x001475D8:sub_1475D8,JMPL with rd=%g0; table/index contents not statically fixed
SPARC-V8-BE32,5,0x001476A8,0x001756A8,computed-jump,jump-table-or-computed-dispatch,mem[%r13],NONE,UNRESOLVED_RUNTIME_INDEX_OR_TABLE,0x00147688:sub_147688,JMPL with rd=%g0; table/index contents not statically fixed
SPARC-V8-BE32,5,0x0014773C,0x0017573C,computed-jump,jump-table-or-computed-dispatch,mem[%r13],NONE,UNRESOLVED_RUNTIME_INDEX_OR_TABLE,0x00147718:sub_147718,JMPL with rd=%g0; table/index contents not statically fixed
SPARC-V8-BE32,5,0x00147B8C,0x00175B8C,computed-jump,jump-table-or-computed-dispatch,mem[%r13],NONE,UNRESOLVED_RUNTIME_INDEX_OR_TABLE,0x00147B60:sub_147B60,JMPL with rd=%g0; table/index contents not statically fixed
SPARC-V8-BE32,5,0x00147BCC,0x00175BCC,computed-jump,jump-table-or-computed-dispatch,mem[%r13],NONE,UNRESOLVED_RUNTIME_INDEX_OR_TABLE,0x00147B60:sub_147B60,JMPL with rd=%g0; table/index contents not statically fixed
SPARC-V8-BE32,5,0x0014D43C,0x0017B43C,computed-jump,jump-table-or-computed-dispatch,mem[%r13],NONE,UNRESOLVED_RUNTIME_INDEX_OR_TABLE,0x0014D3A0:sub_14D3A0,JMPL with rd=%g0; table/index contents not statically fixed
SPARC-V8-BE32,5,0x0014D884,0x0017B884,computed-jump,jump-table-or-computed-dispatch,mem[%r11],NONE,UNRESOLVED_RUNTIME_INDEX_OR_TABLE,0x0014D81C:sub_14D81C,JMPL with rd=%g0; table/index contents not statically fixed
SPARC-V8-BE32,5,0x0014DF24,0x0017BF24,computed-jump,jump-table-or-computed-dispatch,mem[%r10],NONE,UNRESOLVED_RUNTIME_INDEX_OR_TABLE,0x0014DEB8:sub_14DEB8,JMPL with rd=%g0; table/index contents not statically fixed
SPARC-V8-BE32,5,0x00153890,0x00181890,computed-jump,jump-table-or-computed-dispatch,mem[%r13],NONE,UNRESOLVED_RUNTIME_INDEX_OR_TABLE,0x00153868:sub_153868,JMPL with rd=%g0; table/index contents not statically fixed
SPARC-V8-BE32,5,0x00154290,0x00182290,indirect-call,function-pointer-register,%r1,NONE,UNRESOLVED_DATAFLOW_OR_RUNTIME,0x00154154:sub_154154,indirect call target loaded/computed through register
SPARC-V8-BE32,5,0x00155A60,0x00183A60,indirect-call,function-pointer-register,%r1,NONE,UNRESOLVED_DATAFLOW_OR_RUNTIME,0x001555E8:sub_1555E8,indirect call target loaded/computed through register
SPARC-V8-BE32,5,0x00155ADC,0x00183ADC,computed-jump,jump-table-or-computed-dispatch,mem[%r13],NONE,UNRESOLVED_RUNTIME_INDEX_OR_TABLE,UNRESOLVED,JMPL with rd=%g0; table/index contents not statically fixed
SPARC-V8-BE32,5,0x00155B60,0x00183B60,computed-jump,jump-table-or-computed-dispatch,mem[%r13],NONE,UNRESOLVED_RUNTIME_INDEX_OR_TABLE,0x00155B38:sub_155B38,JMPL with rd=%g0; table/index contents not statically fixed
SPARC-V8-BE32,5,0x00155C90,0x00183C90,computed-jump,jump-table-or-computed-dispatch,mem[%r8],NONE,UNRESOLVED_RUNTIME_INDEX_OR_TABLE,0x00155B38:sub_155B38,JMPL with rd=%g0; table/index contents not statically fixed
SPARC-V8-BE32,5,0x001561AC,0x001841AC,computed-jump,jump-table-or-computed-dispatch,mem[%r13],NONE,UNRESOLVED_RUNTIME_INDEX_OR_TABLE,0x00156184:sub_156184,JMPL with rd=%g0; table/index contents not statically fixed
SPARC-V8-BE32,5,0x00157C28,0x00185C28,indirect-call,function-pointer-register,mem[%r16+0x64],NONE,UNRESOLVED_DATAFLOW_OR_RUNTIME,0x0015713C:sub_15713C,indirect call target loaded/computed through register
SPARC-V8-BE32,5,0x0015C26C,0x0018A26C,indirect-call,runtime-populated-global-function-pointer,mem[0xA803A5D0],NONE,UNRESOLVED_RUNTIME_POPULATED,0x0015C1D8:sub_15C1D8,absolute RAM slot recovered; no static registration matched
SPARC-V8-BE32,5,0x0015C3D0,0x0018A3D0,indirect-call,runtime-populated-global-function-pointer,mem[0xA803A5D8],NONE,UNRESOLVED_RUNTIME_POPULATED,0x0015C300:sub_15C300,absolute RAM slot recovered; no static registration matched
SPARC-V8-BE32,5,0x0015C740,0x0018A740,indirect-call,function-pointer-register,mem[%r8+0x1d0],NONE,UNRESOLVED_DATAFLOW_OR_RUNTIME,0x0015C300:sub_15C300,indirect call target loaded/computed through register
SPARC-V8-BE32,5,0x0015C778,0x0018A778,indirect-call,runtime-populated-global-function-pointer,mem[0xA803A5D8],NONE,UNRESOLVED_RUNTIME_POPULATED,0x0015C300:sub_15C300,absolute RAM slot recovered; no static registration matched
SPARC-V8-BE32,5,0x0015CAC0,0x0018AAC0,indirect-call,function-pointer-register,mem[%r13+0x4],NONE,UNRESOLVED_DATAFLOW_OR_RUNTIME,0x0015C9D0:sub_15C9D0,indirect call target loaded/computed through register
SPARC-V8-BE32,5,0x0015D034,0x0018B034,computed-jump,jump-table-or-computed-dispatch,mem[%r13],NONE,UNRESOLVED_RUNTIME_INDEX_OR_TABLE,UNRESOLVED,JMPL with rd=%g0; table/index contents not statically fixed
SPARC-V8-BE32,5,0x0015D154,0x0018B154,computed-jump,jump-table-or-computed-dispatch,mem[%r13],NONE,UNRESOLVED_RUNTIME_INDEX_OR_TABLE,0x0015D0EC:sub_15D0EC,JMPL with rd=%g0; table/index contents not statically fixed
SPARC-V8-BE32,5,0x0015D1E8,0x0018B1E8,computed-jump,jump-table-or-computed-dispatch,mem[%r12],NONE,UNRESOLVED_RUNTIME_INDEX_OR_TABLE,0x0015D0EC:sub_15D0EC,JMPL with rd=%g0; table/index contents not statically fixed
SPARC-V8-BE32,5,0x0015E300,0x0018C300,computed-jump,jump-table-or-computed-dispatch,mem[%r13],NONE,UNRESOLVED_RUNTIME_INDEX_OR_TABLE,0x0015E1AC:sub_15E1AC,JMPL with rd=%g0; table/index contents not statically fixed
SPARC-V8-BE32,5,0x0015EC08,0x0018CC08,computed-jump,jump-table-or-computed-dispatch,mem[%r13],NONE,UNRESOLVED_RUNTIME_INDEX_OR_TABLE,0x0015EB44:sub_15EB44,JMPL with rd=%g0; table/index contents not statically fixed
SPARC-V8-BE32,5,0x001628A8,0x001908A8,computed-jump,jump-table-or-computed-dispatch,%r31,NONE,UNRESOLVED_RUNTIME_INDEX_OR_TABLE,0x001627DC:sub_1627DC,JMPL with rd=%g0; table/index contents not statically fixed
SPARC-V8-BE32,5,0x00164A54,0x00192A54,indirect-call,function-pointer-register,mem[%r15+0x18],NONE,UNRESOLVED_DATAFLOW_OR_RUNTIME,UNRESOLVED,indirect call target loaded/computed through register
SPARC-V8-BE32,5,0x001656F0,0x001936F0,indirect-call,function-pointer-register,%r1,NONE,UNRESOLVED_DATAFLOW_OR_RUNTIME,0x00165634:sub_165634,indirect call target loaded/computed through register
SPARC-V8-BE32,5,0x00165708,0x00193708,indirect-call,function-pointer-register,mem[%r25+0x24],NONE,UNRESOLVED_DATAFLOW_OR_RUNTIME,0x00165634:sub_165634,indirect call target loaded/computed through register
SPARC-V8-BE32,5,0x00165ABC,0x00193ABC,indirect-call,function-pointer-register,%r1,NONE,UNRESOLVED_DATAFLOW_OR_RUNTIME,0x0016576C:sub_16576C,indirect call target loaded/computed through register
SPARC-V8-BE32,5,0x00165AD8,0x00193AD8,indirect-call,function-pointer-register,mem[%r8+0x24],NONE,UNRESOLVED_DATAFLOW_OR_RUNTIME,0x0016576C:sub_16576C,indirect call target loaded/computed through register
SPARC-V8-BE32,5,0x001662C4,0x001942C4,computed-jump,jump-table-or-computed-dispatch,mem[%r15],NONE,UNRESOLVED_RUNTIME_INDEX_OR_TABLE,0x00166208:sub_166208,JMPL with rd=%g0; table/index contents not statically fixed
SPARC-V8-BE32,5,0x001666D8,0x001946D8,computed-jump,jump-table-or-computed-dispatch,mem[%r13],NONE,UNRESOLVED_RUNTIME_INDEX_OR_TABLE,0x00166208:sub_166208,JMPL with rd=%g0; table/index contents not statically fixed
SPARC-V8-BE32,5,0x00166E54,0x00194E54,indirect-call,function-pointer-register,mem[%r22],NONE,UNRESOLVED_DATAFLOW_OR_RUNTIME,0x00166208:sub_166208,indirect call target loaded/computed through register
SPARC-V8-BE32,5,0x00166E8C,0x00194E8C,indirect-call,function-pointer-register,mem[%r8+0x40],NONE,UNRESOLVED_DATAFLOW_OR_RUNTIME,0x00166208:sub_166208,indirect call target loaded/computed through register
SPARC-V8-BE32,5,0x001674BC,0x001954BC,indirect-call,function-pointer-register,%r1,NONE,UNRESOLVED_DATAFLOW_OR_RUNTIME,0x00166208:sub_166208,indirect call target loaded/computed through register
SPARC-V8-BE32,5,0x001674CC,0x001954CC,indirect-call,function-pointer-register,%r1,NONE,UNRESOLVED_DATAFLOW_OR_RUNTIME,0x00166208:sub_166208,indirect call target loaded/computed through register
SPARC-V8-BE32,5,0x001697B0,0x001977B0,computed-jump,jump-table-or-computed-dispatch,mem[%r13],NONE,UNRESOLVED_RUNTIME_INDEX_OR_TABLE,0x0016978C:sub_16978C,JMPL with rd=%g0; table/index contents not statically fixed
SPARC-V8-BE32,5,0x0016B59C,0x0019959C,computed-jump,jump-table-or-computed-dispatch,mem[%r13],NONE,UNRESOLVED_RUNTIME_INDEX_OR_TABLE,0x0016B580:sub_16B580,JMPL with rd=%g0; table/index contents not statically fixed
SPARC-V8-BE32,5,0x0016B768,0x00199768,computed-jump,jump-table-or-computed-dispatch,mem[%r13],NONE,UNRESOLVED_RUNTIME_INDEX_OR_TABLE,UNRESOLVED,JMPL with rd=%g0; table/index contents not statically fixed
SPARC-V8-BE32,5,0x0016BAC0,0x00199AC0,computed-jump,jump-table-or-computed-dispatch,mem[%r24],NONE,UNRESOLVED_RUNTIME_INDEX_OR_TABLE,0x0016B9D8:sub_16B9D8,JMPL with rd=%g0; table/index contents not statically fixed
SPARC-V8-BE32,5,0x0016BAE4,0x00199AE4,computed-jump,jump-table-or-computed-dispatch,mem[%r13],NONE,UNRESOLVED_RUNTIME_INDEX_OR_TABLE,0x0016B9D8:sub_16B9D8,JMPL with rd=%g0; table/index contents not statically fixed
SPARC-V8-BE32,5,0x0016BC6C,0x00199C6C,computed-jump,jump-table-or-computed-dispatch,mem[%r10],NONE,UNRESOLVED_RUNTIME_INDEX_OR_TABLE,0x0016BBE8:sub_16BBE8,JMPL with rd=%g0; table/index contents not statically fixed
SPARC-V8-BE32,5,0x0016C85C,0x0019A85C,computed-jump,jump-table-or-computed-dispatch,mem[%r13],NONE,UNRESOLVED_RUNTIME_INDEX_OR_TABLE,0x0016C7CC:sub_16C7CC,JMPL with rd=%g0; table/index contents not statically fixed
SPARC-V8-BE32,5,0x0016CFDC,0x0019AFDC,computed-jump,jump-table-or-computed-dispatch,mem[%r9],NONE,UNRESOLVED_RUNTIME_INDEX_OR_TABLE,0x0016CF78:sub_16CF78,JMPL with rd=%g0; table/index contents not statically fixed
SPARC-V8-BE32,5,0x0016D244,0x0019B244,computed-jump,jump-table-or-computed-dispatch,mem[%r13],NONE,UNRESOLVED_RUNTIME_INDEX_OR_TABLE,0x0016D228:sub_16D228,JMPL with rd=%g0; table/index contents not statically fixed
SPARC-V8-BE32,5,0x0016D41C,0x0019B41C,computed-jump,jump-table-or-computed-dispatch,mem[%r13],NONE,UNRESOLVED_RUNTIME_INDEX_OR_TABLE,0x0016D400:sub_16D400,JMPL with rd=%g0; table/index contents not statically fixed
SPARC-V8-BE32,5,0x0016D96C,0x0019B96C,computed-jump,jump-table-or-computed-dispatch,mem[%r13],NONE,UNRESOLVED_RUNTIME_INDEX_OR_TABLE,UNRESOLVED,JMPL with rd=%g0; table/index contents not statically fixed
SPARC-V8-BE32,5,0x0016DA10,0x0019BA10,computed-jump,jump-table-or-computed-dispatch,mem[%r13],NONE,UNRESOLVED_RUNTIME_INDEX_OR_TABLE,UNRESOLVED,JMPL with rd=%g0; table/index contents not statically fixed
SPARC-V8-BE32,5,0x0016DEAC,0x0019BEAC,computed-jump,jump-table-or-computed-dispatch,mem[%r13],NONE,UNRESOLVED_RUNTIME_INDEX_OR_TABLE,0x0016DE90:sub_16DE90,JMPL with rd=%g0; table/index contents not statically fixed
SPARC-V8-BE32,5,0x0016E2B4,0x0019C2B4,computed-jump,jump-table-or-computed-dispatch,mem[%r13],NONE,UNRESOLVED_RUNTIME_INDEX_OR_TABLE,0x0016E198:sub_16E198,JMPL with rd=%g0; table/index contents not statically fixed
SPARC-V8-BE32,5,0x0016E490,0x0019C490,computed-jump,jump-table-or-computed-dispatch,mem[%r13],NONE,UNRESOLVED_RUNTIME_INDEX_OR_TABLE,0x0016E468:sub_16E468,JMPL with rd=%g0; table/index contents not statically fixed
SPARC-V8-BE32,5,0x0016E54C,0x0019C54C,computed-jump,jump-table-or-computed-dispatch,mem[%r13],NONE,UNRESOLVED_RUNTIME_INDEX_OR_TABLE,0x0016E524:sub_16E524,JMPL with rd=%g0; table/index contents not statically fixed
SPARC-V8-BE32,5,0x0016E5F8,0x0019C5F8,computed-jump,jump-table-or-computed-dispatch,mem[%r13],NONE,UNRESOLVED_RUNTIME_INDEX_OR_TABLE,UNRESOLVED,JMPL with rd=%g0; table/index contents not statically fixed
SPARC-V8-BE32,5,0x0016E84C,0x0019C84C,computed-jump,jump-table-or-computed-dispatch,mem[%r13],NONE,UNRESOLVED_RUNTIME_INDEX_OR_TABLE,0x0016E828:sub_16E828,JMPL with rd=%g0; table/index contents not statically fixed
SPARC-V8-BE32,5,0x0016ED38,0x0019CD38,computed-jump,jump-table-or-computed-dispatch,mem[%r16],NONE,UNRESOLVED_RUNTIME_INDEX_OR_TABLE,0x0016ECA0:sub_16ECA0,JMPL with rd=%g0; table/index contents not statically fixed
SPARC-V8-BE32,5,0x0016ED84,0x0019CD84,computed-jump,jump-table-or-computed-dispatch,mem[%r8],NONE,UNRESOLVED_RUNTIME_INDEX_OR_TABLE,0x0016ECA0:sub_16ECA0,JMPL with rd=%g0; table/index contents not statically fixed
SPARC-V8-BE32,5,0x0016F2D0,0x0019D2D0,computed-jump,jump-table-or-computed-dispatch,mem[%r11],NONE,UNRESOLVED_RUNTIME_INDEX_OR_TABLE,0x0016F264:sub_16F264,JMPL with rd=%g0; table/index contents not statically fixed
SPARC-V8-BE32,5,0x0016F5A8,0x0019D5A8,computed-jump,jump-table-or-computed-dispatch,mem[%r13],NONE,UNRESOLVED_RUNTIME_INDEX_OR_TABLE,0x0016F564:sub_16F564,JMPL with rd=%g0; table/index contents not statically fixed
SPARC-V8-BE32,5,0x0017014C,0x0019E14C,computed-jump,jump-table-or-computed-dispatch,mem[%r13],NONE,UNRESOLVED_RUNTIME_INDEX_OR_TABLE,0x00170120:sub_170120,JMPL with rd=%g0; table/index contents not statically fixed
SPARC-V8-BE32,5,0x00170684,0x0019E684,computed-jump,jump-table-or-computed-dispatch,mem[%r13],NONE,UNRESOLVED_RUNTIME_INDEX_OR_TABLE,0x00170664:sub_170664,JMPL with rd=%g0; table/index contents not statically fixed
SPARC-V8-BE32,5,0x0017268C,0x001A068C,computed-jump,jump-table-or-computed-dispatch,mem[%r29],NONE,UNRESOLVED_RUNTIME_INDEX_OR_TABLE,0x00172660:sub_172660,JMPL with rd=%g0; table/index contents not statically fixed
SPARC-V8-BE32,5,0x00172CC8,0x001A0CC8,computed-jump,jump-table-or-computed-dispatch,mem[%r13],NONE,UNRESOLVED_RUNTIME_INDEX_OR_TABLE,0x00172CB0:sub_172CB0,JMPL with rd=%g0; table/index contents not statically fixed
SPARC-V8-BE32,5,0x001761A0,0x001A41A0,computed-jump,jump-table-or-computed-dispatch,mem[%r9],NONE,UNRESOLVED_RUNTIME_INDEX_OR_TABLE,UNRESOLVED,JMPL with rd=%g0; table/index contents not statically fixed
SPARC-V8-BE32,5,0x00176DD4,0x001A4DD4,computed-jump,jump-table-or-computed-dispatch,mem[%r13],NONE,UNRESOLVED_RUNTIME_INDEX_OR_TABLE,0x00176DA8:sub_176DA8,JMPL with rd=%g0; table/index contents not statically fixed
SPARC-V8-BE32,5,0x001770E0,0x001A50E0,computed-jump,jump-table-or-computed-dispatch,mem[%r15],NONE,UNRESOLVED_RUNTIME_INDEX_OR_TABLE,UNRESOLVED,JMPL with rd=%g0; table/index contents not statically fixed
SPARC-V8-BE32,5,0x00177734,0x001A5734,indirect-call,function-pointer-register,%r1,NONE,UNRESOLVED_DATAFLOW_OR_RUNTIME,UNRESOLVED,indirect call target loaded/computed through register
SPARC-V8-BE32,5,0x00177B78,0x001A5B78,computed-jump,jump-table-or-computed-dispatch,mem[%r10],NONE,UNRESOLVED_RUNTIME_INDEX_OR_TABLE,0x00177AF8:sub_177AF8,JMPL with rd=%g0; table/index contents not statically fixed
SPARC-V8-BE32,5,0x001786E0,0x001A66E0,indirect-call,runtime-populated-global-function-pointer,mem[0xA8037874],NONE,UNRESOLVED_RUNTIME_POPULATED,UNRESOLVED,absolute RAM slot recovered; no static registration matched
SPARC-V8-BE32,5,0x001799D8,0x001A79D8,computed-jump,jump-table-or-computed-dispatch,mem[%r16],NONE,UNRESOLVED_RUNTIME_INDEX_OR_TABLE,0x001798C8:sub_1798C8,JMPL with rd=%g0; table/index contents not statically fixed
SPARC-V8-BE32,5,0x0017C788,0x001AA788,computed-jump,jump-table-or-computed-dispatch,mem[%r21],NONE,UNRESOLVED_RUNTIME_INDEX_OR_TABLE,0x0017C4A4:sub_17C4A4,JMPL with rd=%g0; table/index contents not statically fixed
SPARC-V8-BE32,5,0x0017E160,0x001AC160,computed-jump,jump-table-or-computed-dispatch,mem[%r13],NONE,UNRESOLVED_RUNTIME_INDEX_OR_TABLE,UNRESOLVED,JMPL with rd=%g0; table/index contents not statically fixed
SPARC-V8-BE32,5,0x0017E40C,0x001AC40C,computed-jump,jump-table-or-computed-dispatch,mem[%r13],NONE,UNRESOLVED_RUNTIME_INDEX_OR_TABLE,0x0017E17C:sub_17E17C,JMPL with rd=%g0; table/index contents not statically fixed
SPARC-V8-BE32,5,0x0017F1B0,0x001AD1B0,computed-jump,jump-table-or-computed-dispatch,mem[%r8],NONE,UNRESOLVED_RUNTIME_INDEX_OR_TABLE,0x0017F130:sub_17F130,JMPL with rd=%g0; table/index contents not statically fixed
SPARC-V8-BE32,5,0x0017F630,0x001AD630,computed-jump,jump-table-or-computed-dispatch,mem[%r9],NONE,UNRESOLVED_RUNTIME_INDEX_OR_TABLE,0x0017F604:sub_17F604,JMPL with rd=%g0; table/index contents not statically fixed
SPARC-V8-BE32,5,0x0017F960,0x001AD960,computed-jump,jump-table-or-computed-dispatch,mem[%r9],NONE,UNRESOLVED_RUNTIME_INDEX_OR_TABLE,0x0017F934:sub_17F934,JMPL with rd=%g0; table/index contents not statically fixed
SPARC-V8-BE32,5,0x00180CF8,0x001AECF8,computed-jump,jump-table-or-computed-dispatch,%r31,NONE,UNRESOLVED_RUNTIME_INDEX_OR_TABLE,0x00180C1C:sub_180C1C,JMPL with rd=%g0; table/index contents not statically fixed
SPARC-V8-BE32,5,0x00181594,0x001AF594,computed-jump,jump-table-or-computed-dispatch,%r31,NONE,UNRESOLVED_RUNTIME_INDEX_OR_TABLE,0x00180D00:sub_180D00,JMPL with rd=%g0; table/index contents not statically fixed
SPARC-V8-BE32,5,0x00181620,0x001AF620,computed-jump,jump-table-or-computed-dispatch,%r31,NONE,UNRESOLVED_RUNTIME_INDEX_OR_TABLE,0x0018159C:sub_18159C,JMPL with rd=%g0; table/index contents not statically fixed
SPARC-V8-BE32,5,0x001844BC,0x001B24BC,indirect-call,callback-static-registration,mem[0xA8037C4C],0x0017ABA0,STATIC_TARGET_SET_RECOVERED,0x001844A4:sub_1844A4,slot 0xA8037C4C matched registration stores
SPARC-V8-BE32,5,0x00185034,0x001B3034,computed-jump,jump-table-or-computed-dispatch,mem[%r13],NONE,UNRESOLVED_RUNTIME_INDEX_OR_TABLE,UNRESOLVED,JMPL with rd=%g0; table/index contents not statically fixed
SPARC-V8-BE32,5,0x00185078,0x001B3078,indirect-call,callback-static-registration,mem[0xA8037CA4],0x001E4718,STATIC_TARGET_SET_RECOVERED,0x00185060:sub_185060,slot 0xA8037CA4 matched registration stores
SPARC-V8-BE32,5,0x00185660,0x001B3660,computed-jump,jump-table-or-computed-dispatch,mem[%r9],NONE,UNRESOLVED_RUNTIME_INDEX_OR_TABLE,0x00185610:sub_185610,JMPL with rd=%g0; table/index contents not statically fixed
SPARC-V8-BE32,5,0x00185E00,0x001B3E00,computed-jump,jump-table-or-computed-dispatch,mem[%r13],NONE,UNRESOLVED_RUNTIME_INDEX_OR_TABLE,0x00185DDC:sub_185DDC,JMPL with rd=%g0; table/index contents not statically fixed
SPARC-V8-BE32,5,0x00186AC0,0x001B4AC0,computed-jump,jump-table-or-computed-dispatch,mem[%r9],NONE,UNRESOLVED_RUNTIME_INDEX_OR_TABLE,0x001869BC:sub_1869BC,JMPL with rd=%g0; table/index contents not statically fixed
SPARC-V8-BE32,5,0x00186C38,0x001B4C38,indirect-call,function-pointer-register,%r1,NONE,UNRESOLVED_DATAFLOW_OR_RUNTIME,0x001869BC:sub_1869BC,indirect call target loaded/computed through register
SPARC-V8-BE32,5,0x00186FA0,0x001B4FA0,computed-jump,jump-table-or-computed-dispatch,mem[%r10],NONE,UNRESOLVED_RUNTIME_INDEX_OR_TABLE,0x00186F4C:sub_186F4C,JMPL with rd=%g0; table/index contents not statically fixed
SPARC-V8-BE32,5,0x00187848,0x001B5848,computed-jump,jump-table-or-computed-dispatch,mem[%r13],NONE,UNRESOLVED_RUNTIME_INDEX_OR_TABLE,0x00187820:sub_187820,JMPL with rd=%g0; table/index contents not statically fixed
SPARC-V8-BE32,5,0x001878E8,0x001B58E8,computed-jump,jump-table-or-computed-dispatch,mem[%r13],NONE,UNRESOLVED_RUNTIME_INDEX_OR_TABLE,UNRESOLVED,JMPL with rd=%g0; table/index contents not statically fixed
SPARC-V8-BE32,5,0x001882F8,0x001B62F8,computed-jump,jump-table-or-computed-dispatch,mem[%r16],NONE,UNRESOLVED_RUNTIME_INDEX_OR_TABLE,0x001882AC:sub_1882AC,JMPL with rd=%g0; table/index contents not statically fixed
SPARC-V8-BE32,5,0x00188B8C,0x001B6B8C,computed-jump,jump-table-or-computed-dispatch,mem[%r26],NONE,UNRESOLVED_RUNTIME_INDEX_OR_TABLE,0x001882AC:sub_1882AC,JMPL with rd=%g0; table/index contents not statically fixed
SPARC-V8-BE32,5,0x00189660,0x001B7660,computed-jump,jump-table-or-computed-dispatch,mem[%r26],NONE,UNRESOLVED_RUNTIME_INDEX_OR_TABLE,0x001882AC:sub_1882AC,JMPL with rd=%g0; table/index contents not statically fixed
SPARC-V8-BE32,5,0x0018B394,0x001B9394,computed-jump,jump-table-or-computed-dispatch,mem[%r13],NONE,UNRESOLVED_RUNTIME_INDEX_OR_TABLE,0x0018B36C:sub_18B36C,JMPL with rd=%g0; table/index contents not statically fixed
SPARC-V8-BE32,5,0x0018B4BC,0x001B94BC,computed-jump,jump-table-or-computed-dispatch,mem[%r13],NONE,UNRESOLVED_RUNTIME_INDEX_OR_TABLE,0x0018B494:sub_18B494,JMPL with rd=%g0; table/index contents not statically fixed
SPARC-V8-BE32,5,0x0018B81C,0x001B981C,indirect-call,callback-static-registration,mem[0xA803C08C],0x0017B8D4,STATIC_TARGET_SET_RECOVERED,0x0018B65C:sub_18B65C,slot 0xA803C08C matched registration stores
SPARC-V8-BE32,5,0x0018C058,0x001BA058,computed-jump,jump-table-or-computed-dispatch,mem[%r13],NONE,UNRESOLVED_RUNTIME_INDEX_OR_TABLE,0x0018C03C:sub_18C03C,JMPL with rd=%g0; table/index contents not statically fixed
SPARC-V8-BE32,5,0x0018C184,0x001BA184,computed-jump,jump-table-or-computed-dispatch,mem[%r13],NONE,UNRESOLVED_RUNTIME_INDEX_OR_TABLE,0x0018C168:sub_18C168,JMPL with rd=%g0; table/index contents not statically fixed
SPARC-V8-BE32,5,0x0018CFC0,0x001BAFC0,computed-jump,jump-table-or-computed-dispatch,mem[%r13],NONE,UNRESOLVED_RUNTIME_INDEX_OR_TABLE,0x0018CF9C:sub_18CF9C,JMPL with rd=%g0; table/index contents not statically fixed
SPARC-V8-BE32,5,0x0018D690,0x001BB690,computed-jump,jump-table-or-computed-dispatch,mem[%r13],NONE,UNRESOLVED_RUNTIME_INDEX_OR_TABLE,0x0018D650:sub_18D650,JMPL with rd=%g0; table/index contents not statically fixed
SPARC-V8-BE32,5,0x0018FB1C,0x001BDB1C,computed-jump,jump-table-or-computed-dispatch,mem[%r13],NONE,UNRESOLVED_RUNTIME_INDEX_OR_TABLE,0x0018FAD8:sub_18FAD8,JMPL with rd=%g0; table/index contents not statically fixed
SPARC-V8-BE32,5,0x00191B80,0x001BFB80,indirect-call,function-pointer-register,mem[%r9+0x10],NONE,UNRESOLVED_DATAFLOW_OR_RUNTIME,0x00191A50:sub_191A50,indirect call target loaded/computed through register
SPARC-V8-BE32,5,0x00191C24,0x001BFC24,indirect-call,function-pointer-register,mem[%r8+0x10],NONE,UNRESOLVED_DATAFLOW_OR_RUNTIME,0x00191B94:sub_191B94,indirect call target loaded/computed through register
SPARC-V8-BE32,5,0x00191C6C,0x001BFC6C,indirect-call,function-pointer-register,mem[%r1+0x10],NONE,UNRESOLVED_DATAFLOW_OR_RUNTIME,0x00191C38:sub_191C38,indirect call target loaded/computed through register
SPARC-V8-BE32,5,0x00191CEC,0x001BFCEC,indirect-call,function-pointer-register,mem[%r16+0x10],NONE,UNRESOLVED_DATAFLOW_OR_RUNTIME,0x00191C80:sub_191C80,indirect call target loaded/computed through register
SPARC-V8-BE32,5,0x00191DC4,0x001BFDC4,indirect-call,runtime-populated-global-function-pointer,mem[0xA8034FA4],NONE,UNRESOLVED_RUNTIME_POPULATED,0x00191C80:sub_191C80,absolute RAM slot recovered; no static registration matched
SPARC-V8-BE32,5,0x00192008,0x001C0008,indirect-call,function-pointer-register,mem[%r8+0x10],NONE,UNRESOLVED_DATAFLOW_OR_RUNTIME,0x00191ED4:sub_191ED4,indirect call target loaded/computed through register
SPARC-V8-BE32,5,0x001920F4,0x001C00F4,indirect-call,runtime-populated-global-function-pointer,mem[0xA8034FF4],NONE,UNRESOLVED_RUNTIME_POPULATED,0x00191ED4:sub_191ED4,absolute RAM slot recovered; no static registration matched
SPARC-V8-BE32,5,0x00192268,0x001C0268,indirect-call,function-pointer-register,mem[%r16+0x10],NONE,UNRESOLVED_DATAFLOW_OR_RUNTIME,0x00192188:sub_192188,indirect call target loaded/computed through register
SPARC-V8-BE32,5,0x00192430,0x001C0430,indirect-call,function-pointer-register,mem[%r8+0x10],NONE,UNRESOLVED_DATAFLOW_OR_RUNTIME,0x0019232C:sub_19232C,indirect call target loaded/computed through register
SPARC-V8-BE32,5,0x001926C0,0x001C06C0,computed-jump,jump-table-or-computed-dispatch,mem[%r13],NONE,UNRESOLVED_RUNTIME_INDEX_OR_TABLE,0x00192698:sub_192698,JMPL with rd=%g0; table/index contents not statically fixed
SPARC-V8-BE32,5,0x0019275C,0x001C075C,indirect-call,function-pointer-register,mem[%r9+0x10],NONE,UNRESOLVED_DATAFLOW_OR_RUNTIME,0x00192698:sub_192698,indirect call target loaded/computed through register
SPARC-V8-BE32,5,0x00192AFC,0x001C0AFC,computed-jump,jump-table-or-computed-dispatch,mem[%r13],NONE,UNRESOLVED_RUNTIME_INDEX_OR_TABLE,0x00192AD8:sub_192AD8,JMPL with rd=%g0; table/index contents not statically fixed
SPARC-V8-BE32,5,0x00192B98,0x001C0B98,indirect-call,function-pointer-register,mem[%r16+0x10],NONE,UNRESOLVED_DATAFLOW_OR_RUNTIME,0x00192AD8:sub_192AD8,indirect call target loaded/computed through register
SPARC-V8-BE32,5,0x00192CD4,0x001C0CD4,indirect-call,runtime-populated-global-function-pointer,mem[0xA8035008],NONE,UNRESOLVED_RUNTIME_POPULATED,0x00192AD8:sub_192AD8,absolute RAM slot recovered; no static registration matched
SPARC-V8-BE32,5,0x00192DF4,0x001C0DF4,computed-jump,jump-table-or-computed-dispatch,mem[%r13],NONE,UNRESOLVED_RUNTIME_INDEX_OR_TABLE,0x00192D10:sub_192D10,JMPL with rd=%g0; table/index contents not statically fixed
SPARC-V8-BE32,5,0x00192E88,0x001C0E88,indirect-call,function-pointer-register,mem[%r15+0x10],NONE,UNRESOLVED_DATAFLOW_OR_RUNTIME,0x00192D10:sub_192D10,indirect call target loaded/computed through register
SPARC-V8-BE32,5,0x00192EBC,0x001C0EBC,indirect-call,runtime-populated-global-function-pointer,mem[0xA8035030],NONE,UNRESOLVED_RUNTIME_POPULATED,0x00192D10:sub_192D10,absolute RAM slot recovered; no static registration matched
SPARC-V8-BE32,5,0x001938BC,0x001C18BC,indirect-call,function-pointer-register,mem[%r11+0x10],NONE,UNRESOLVED_DATAFLOW_OR_RUNTIME,0x00193114:sub_193114,indirect call target loaded/computed through register
SPARC-V8-BE32,5,0x001939E8,0x001C19E8,indirect-call,function-pointer-register,mem[%r11+0x10],NONE,UNRESOLVED_DATAFLOW_OR_RUNTIME,0x001938E0:sub_1938E0,indirect call target loaded/computed through register
SPARC-V8-BE32,5,0x00193CE0,0x001C1CE0,indirect-call,function-pointer-register,mem[%r24+0x10],NONE,UNRESOLVED_DATAFLOW_OR_RUNTIME,0x00193AA8:sub_193AA8,indirect call target loaded/computed through register
SPARC-V8-BE32,5,0x0019400C,0x001C200C,indirect-call,function-pointer-register,mem[%r9+0x10],NONE,UNRESOLVED_DATAFLOW_OR_RUNTIME,0x00193D80:sub_193D80,indirect call target loaded/computed through register
SPARC-V8-BE32,5,0x00194044,0x001C2044,indirect-call,function-pointer-register,mem[%r9+0xd8],NONE,UNRESOLVED_DATAFLOW_OR_RUNTIME,0x00193D80:sub_193D80,indirect call target loaded/computed through register
SPARC-V8-BE32,5,0x00194158,0x001C2158,computed-jump,jump-table-or-computed-dispatch,mem[%r13],NONE,UNRESOLVED_RUNTIME_INDEX_OR_TABLE,0x0019405C:sub_19405C,JMPL with rd=%g0; table/index contents not statically fixed
SPARC-V8-BE32,5,0x001941EC,0x001C21EC,indirect-call,function-pointer-register,mem[%r10+0x10],NONE,UNRESOLVED_DATAFLOW_OR_RUNTIME,0x0019405C:sub_19405C,indirect call target loaded/computed through register
SPARC-V8-BE32,5,0x00194220,0x001C2220,indirect-call,runtime-populated-global-function-pointer,mem[0xA80350E4],NONE,UNRESOLVED_RUNTIME_POPULATED,0x0019405C:sub_19405C,absolute RAM slot recovered; no static registration matched
SPARC-V8-BE32,5,0x00194510,0x001C2510,indirect-call,function-pointer-register,mem[%r9+0x10],NONE,UNRESOLVED_DATAFLOW_OR_RUNTIME,UNRESOLVED,indirect call target loaded/computed through register
SPARC-V8-BE32,5,0x00194A70,0x001C2A70,computed-jump,jump-table-or-computed-dispatch,mem[%r13],NONE,UNRESOLVED_RUNTIME_INDEX_OR_TABLE,0x00194838:sub_194838,JMPL with rd=%g0; table/index contents not statically fixed
SPARC-V8-BE32,5,0x00194B24,0x001C2B24,indirect-call,function-pointer-register,mem[%r11+0x10],NONE,UNRESOLVED_DATAFLOW_OR_RUNTIME,0x00194838:sub_194838,indirect call target loaded/computed through register
SPARC-V8-BE32,5,0x00194F58,0x001C2F58,computed-jump,jump-table-or-computed-dispatch,mem[%r13],NONE,UNRESOLVED_RUNTIME_INDEX_OR_TABLE,UNRESOLVED,JMPL with rd=%g0; table/index contents not statically fixed
SPARC-V8-BE32,5,0x00195008,0x001C3008,indirect-call,function-pointer-register,mem[%r12+0x10],NONE,UNRESOLVED_DATAFLOW_OR_RUNTIME,UNRESOLVED,indirect call target loaded/computed through register
SPARC-V8-BE32,5,0x00195694,0x001C3694,indirect-call,function-pointer-register,mem[%r9+0x10],NONE,UNRESOLVED_DATAFLOW_OR_RUNTIME,UNRESOLVED,indirect call target loaded/computed through register
SPARC-V8-BE32,5,0x00195B90,0x001C3B90,indirect-call,function-pointer-register,mem[%r9+0x10],NONE,UNRESOLVED_DATAFLOW_OR_RUNTIME,0x00195A84:sub_195A84,indirect call target loaded/computed through register
SPARC-V8-BE32,5,0x00195E94,0x001C3E94,computed-jump,jump-table-or-computed-dispatch,mem[%r13],NONE,UNRESOLVED_RUNTIME_INDEX_OR_TABLE,0x00195C20:sub_195C20,JMPL with rd=%g0; table/index contents not statically fixed
SPARC-V8-BE32,5,0x00195F40,0x001C3F40,indirect-call,function-pointer-register,mem[%r24+0x10],NONE,UNRESOLVED_DATAFLOW_OR_RUNTIME,0x00195C20:sub_195C20,indirect call target loaded/computed through register
SPARC-V8-BE32,5,0x001963D4,0x001C43D4,indirect-call,function-pointer-register,mem[%r9+0x10],NONE,UNRESOLVED_DATAFLOW_OR_RUNTIME,UNRESOLVED,indirect call target loaded/computed through register
SPARC-V8-BE32,5,0x001965DC,0x001C45DC,indirect-call,function-pointer-register,mem[%r1+0x10],NONE,UNRESOLVED_DATAFLOW_OR_RUNTIME,0x00196464:sub_196464,indirect call target loaded/computed through register
SPARC-V8-BE32,5,0x00196654,0x001C4654,computed-jump,jump-table-or-computed-dispatch,mem[%r13],NONE,UNRESOLVED_RUNTIME_INDEX_OR_TABLE,0x00196464:sub_196464,JMPL with rd=%g0; table/index contents not statically fixed
SPARC-V8-BE32,5,0x0019683C,0x001C483C,indirect-call,function-pointer-register,mem[%r11+0x10],NONE,UNRESOLVED_DATAFLOW_OR_RUNTIME,0x00196734:sub_196734,indirect call target loaded/computed through register
SPARC-V8-BE32,5,0x001969A0,0x001C49A0,indirect-call,function-pointer-register,mem[%r1+0x10],NONE,UNRESOLVED_DATAFLOW_OR_RUNTIME,0x0019696C:sub_19696C,indirect call target loaded/computed through register
SPARC-V8-BE32,5,0x00196A38,0x001C4A38,indirect-call,function-pointer-register,mem[%r9+0x10],NONE,UNRESOLVED_DATAFLOW_OR_RUNTIME,UNRESOLVED,indirect call target loaded/computed through register
SPARC-V8-BE32,5,0x00196ADC,0x001C4ADC,indirect-call,function-pointer-register,mem[%r8+0x10],NONE,UNRESOLVED_DATAFLOW_OR_RUNTIME,0x00196A4C:sub_196A4C,indirect call target loaded/computed through register
SPARC-V8-BE32,5,0x001971A4,0x001C51A4,indirect-call,function-pointer-register,%r10,NONE,UNRESOLVED_DATAFLOW_OR_RUNTIME,0x001970A8:sub_1970A8,indirect call target loaded/computed through register
SPARC-V8-BE32,5,0x00197768,0x001C5768,indirect-call,function-pointer-register,mem[%r24+0x10],NONE,UNRESOLVED_DATAFLOW_OR_RUNTIME,0x00197324:sub_197324,indirect call target loaded/computed through register
SPARC-V8-BE32,5,0x00197BF8,0x001C5BF8,computed-jump,jump-table-or-computed-dispatch,mem[%r13],NONE,UNRESOLVED_RUNTIME_INDEX_OR_TABLE,0x00197BD4:sub_197BD4,JMPL with rd=%g0; table/index contents not statically fixed
SPARC-V8-BE32,5,0x00197CA4,0x001C5CA4,indirect-call,function-pointer-register,mem[%r24+0x10],NONE,UNRESOLVED_DATAFLOW_OR_RUNTIME,0x00197BD4:sub_197BD4,indirect call target loaded/computed through register
SPARC-V8-BE32,5,0x00197EB8,0x001C5EB8,computed-jump,jump-table-or-computed-dispatch,mem[%r13],NONE,UNRESOLVED_RUNTIME_INDEX_OR_TABLE,0x00197E94:sub_197E94,JMPL with rd=%g0; table/index contents not statically fixed
SPARC-V8-BE32,5,0x00197F6C,0x001C5F6C,indirect-call,function-pointer-register,mem[%r16+0x10],NONE,UNRESOLVED_DATAFLOW_OR_RUNTIME,UNRESOLVED,indirect call target loaded/computed through register
SPARC-V8-BE32,5,0x001981EC,0x001C61EC,computed-jump,jump-table-or-computed-dispatch,mem[%r13],NONE,UNRESOLVED_RUNTIME_INDEX_OR_TABLE,0x001981C8:sub_1981C8,JMPL with rd=%g0; table/index contents not statically fixed
SPARC-V8-BE32,5,0x001982BC,0x001C62BC,indirect-call,function-pointer-register,mem[%r16+0x10],NONE,UNRESOLVED_DATAFLOW_OR_RUNTIME,UNRESOLVED,indirect call target loaded/computed through register
SPARC-V8-BE32,5,0x00198D5C,0x001C6D5C,computed-jump,jump-table-or-computed-dispatch,mem[%r13],NONE,UNRESOLVED_RUNTIME_INDEX_OR_TABLE,UNRESOLVED,JMPL with rd=%g0; table/index contents not statically fixed
SPARC-V8-BE32,5,0x00198E14,0x001C6E14,indirect-call,function-pointer-register,mem[%r9+0x10],NONE,UNRESOLVED_DATAFLOW_OR_RUNTIME,UNRESOLVED,indirect call target loaded/computed through register
SPARC-V8-BE32,5,0x00199958,0x001C7958,indirect-call,function-pointer-register,mem[%r8+0x10],NONE,UNRESOLVED_DATAFLOW_OR_RUNTIME,UNRESOLVED,indirect call target loaded/computed through register
SPARC-V8-BE32,5,0x00199A00,0x001C7A00,computed-jump,jump-table-or-computed-dispatch,mem[%r11],NONE,UNRESOLVED_RUNTIME_INDEX_OR_TABLE,UNRESOLVED,JMPL with rd=%g0; table/index contents not statically fixed
SPARC-V8-BE32,5,0x00199BB8,0x001C7BB8,indirect-call,function-pointer-register,mem[%r10+0x10],NONE,UNRESOLVED_DATAFLOW_OR_RUNTIME,UNRESOLVED,indirect call target loaded/computed through register
SPARC-V8-BE32,5,0x0019A128,0x001C8128,indirect-call,function-pointer-register,mem[%r24+0x10],NONE,UNRESOLVED_DATAFLOW_OR_RUNTIME,0x00199F7C:sub_199F7C,indirect call target loaded/computed through register
SPARC-V8-BE32,5,0x0019A738,0x001C8738,computed-jump,jump-table-or-computed-dispatch,mem[%r13],NONE,UNRESOLVED_RUNTIME_INDEX_OR_TABLE,0x0019A710:sub_19A710,JMPL with rd=%g0; table/index contents not statically fixed
SPARC-V8-BE32,5,0x0019A800,0x001C8800,indirect-call,function-pointer-register,mem[%r17+0x10],NONE,UNRESOLVED_DATAFLOW_OR_RUNTIME,UNRESOLVED,indirect call target loaded/computed through register
SPARC-V8-BE32,5,0x0019AEE8,0x001C8EE8,computed-jump,jump-table-or-computed-dispatch,mem[%r13],NONE,UNRESOLVED_RUNTIME_INDEX_OR_TABLE,0x0019AEBC:sub_19AEBC,JMPL with rd=%g0; table/index contents not statically fixed
SPARC-V8-BE32,5,0x0019AF1C,0x001C8F1C,indirect-call,function-pointer-register,mem[%r9+0x2e0],NONE,UNRESOLVED_DATAFLOW_OR_RUNTIME,UNRESOLVED,indirect call target loaded/computed through register
SPARC-V8-BE32,5,0x0019AFA8,0x001C8FA8,indirect-call,function-pointer-register,mem[%r10+0x10],NONE,UNRESOLVED_DATAFLOW_OR_RUNTIME,UNRESOLVED,indirect call target loaded/computed through register
SPARC-V8-BE32,5,0x0019B640,0x001C9640,indirect-call,function-pointer-register,mem[%r16+0x10],NONE,UNRESOLVED_DATAFLOW_OR_RUNTIME,0x0019B4F8:sub_19B4F8,indirect call target loaded/computed through register
SPARC-V8-BE32,5,0x0019B87C,0x001C987C,indirect-call,function-pointer-register,%r1,NONE,UNRESOLVED_DATAFLOW_OR_RUNTIME,0x0019B668:sub_19B668,indirect call target loaded/computed through register
SPARC-V8-BE32,5,0x0019B9EC,0x001C99EC,indirect-call,function-pointer-register,mem[%r16+0x10],NONE,UNRESOLVED_DATAFLOW_OR_RUNTIME,0x0019B8A4:sub_19B8A4,indirect call target loaded/computed through register
SPARC-V8-BE32,5,0x0019BA38,0x001C9A38,computed-jump,jump-table-or-computed-dispatch,mem[%r13],NONE,UNRESOLVED_RUNTIME_INDEX_OR_TABLE,0x0019BA14:sub_19BA14,JMPL with rd=%g0; table/index contents not statically fixed
SPARC-V8-BE32,5,0x0019BAF0,0x001C9AF0,indirect-call,function-pointer-register,mem[%r24+0x10],NONE,UNRESOLVED_DATAFLOW_OR_RUNTIME,UNRESOLVED,indirect call target loaded/computed through register
SPARC-V8-BE32,5,0x0019C2C8,0x001CA2C8,computed-jump,jump-table-or-computed-dispatch,mem[%r13],NONE,UNRESOLVED_RUNTIME_INDEX_OR_TABLE,0x0019C2A4:sub_19C2A4,JMPL with rd=%g0; table/index contents not statically fixed
SPARC-V8-BE32,5,0x0019C3A0,0x001CA3A0,indirect-call,function-pointer-register,mem[%r21+0x10],NONE,UNRESOLVED_DATAFLOW_OR_RUNTIME,UNRESOLVED,indirect call target loaded/computed through register
SPARC-V8-BE32,5,0x0019CB00,0x001CAB00,indirect-call,function-pointer-register,mem[%r16+0x10],NONE,UNRESOLVED_DATAFLOW_OR_RUNTIME,UNRESOLVED,indirect call target loaded/computed through register
SPARC-V8-BE32,5,0x0019CB0C,0x001CAB0C,indirect-call,function-pointer-register,%r12,NONE,UNRESOLVED_DATAFLOW_OR_RUNTIME,UNRESOLVED,indirect call target loaded/computed through register
SPARC-V8-BE32,5,0x0019D464,0x001CB464,indirect-call,function-pointer-register,mem[%r24+0x10],NONE,UNRESOLVED_DATAFLOW_OR_RUNTIME,0x0019D388:sub_19D388,indirect call target loaded/computed through register
SPARC-V8-BE32,5,0x0019D470,0x001CB470,indirect-call,function-pointer-register,%r12,NONE,UNRESOLVED_DATAFLOW_OR_RUNTIME,0x0019D388:sub_19D388,indirect call target loaded/computed through register
SPARC-V8-BE32,5,0x0019D7B0,0x001CB7B0,computed-jump,jump-table-or-computed-dispatch,mem[%r13],NONE,UNRESOLVED_RUNTIME_INDEX_OR_TABLE,0x0019D78C:sub_19D78C,JMPL with rd=%g0; table/index contents not statically fixed
SPARC-V8-BE32,5,0x0019D84C,0x001CB84C,indirect-call,function-pointer-register,mem[%r12+0x10],NONE,UNRESOLVED_DATAFLOW_OR_RUNTIME,0x0019D78C:sub_19D78C,indirect call target loaded/computed through register
SPARC-V8-BE32,5,0x0019DD48,0x001CBD48,indirect-call,function-pointer-register,mem[%r21+0xc],NONE,UNRESOLVED_DATAFLOW_OR_RUNTIME,0x0019DAB4:sub_19DAB4,indirect call target loaded/computed through register
SPARC-V8-BE32,5,0x0019DDD4,0x001CBDD4,indirect-call,function-pointer-register,mem[%r23+0xc],NONE,UNRESOLVED_DATAFLOW_OR_RUNTIME,0x0019DAB4:sub_19DAB4,indirect call target loaded/computed through register
SPARC-V8-BE32,5,0x0019E27C,0x001CC27C,computed-jump,jump-table-or-computed-dispatch,mem[%r9],NONE,UNRESOLVED_RUNTIME_INDEX_OR_TABLE,0x0019E18C:sub_19E18C,JMPL with rd=%g0; table/index contents not statically fixed
SPARC-V8-BE32,5,0x0019FB1C,0x001CDB1C,computed-jump,jump-table-or-computed-dispatch,mem[%r13],NONE,UNRESOLVED_RUNTIME_INDEX_OR_TABLE,0x0019FAF8:sub_19FAF8,JMPL with rd=%g0; table/index contents not statically fixed
SPARC-V8-BE32,5,0x001A0DC4,0x001CEDC4,computed-jump,jump-table-or-computed-dispatch,mem[%r15],NONE,UNRESOLVED_RUNTIME_INDEX_OR_TABLE,0x001A0D90:sub_1A0D90,JMPL with rd=%g0; table/index contents not statically fixed
SPARC-V8-BE32,5,0x001A2590,0x001D0590,computed-jump,jump-table-or-computed-dispatch,mem[%r13],NONE,UNRESOLVED_RUNTIME_INDEX_OR_TABLE,0x001A2568:sub_1A2568,JMPL with rd=%g0; table/index contents not statically fixed
SPARC-V8-BE32,5,0x001A2AF4,0x001D0AF4,computed-jump,jump-table-or-computed-dispatch,mem[%r15],NONE,UNRESOLVED_RUNTIME_INDEX_OR_TABLE,UNRESOLVED,JMPL with rd=%g0; table/index contents not statically fixed
SPARC-V8-BE32,5,0x001A2DC4,0x001D0DC4,computed-jump,jump-table-or-computed-dispatch,mem[%r19],NONE,UNRESOLVED_RUNTIME_INDEX_OR_TABLE,UNRESOLVED,JMPL with rd=%g0; table/index contents not statically fixed
SPARC-V8-BE32,5,0x001A3144,0x001D1144,computed-jump,jump-table-or-computed-dispatch,mem[%r1],NONE,UNRESOLVED_RUNTIME_INDEX_OR_TABLE,0x001A310C:sub_1A310C,JMPL with rd=%g0; table/index contents not statically fixed
SPARC-V8-BE32,5,0x001A3420,0x001D1420,computed-jump,jump-table-or-computed-dispatch,mem[%r10],NONE,UNRESOLVED_RUNTIME_INDEX_OR_TABLE,0x001A33D8:sub_1A33D8,JMPL with rd=%g0; table/index contents not statically fixed
SPARC-V8-BE32,5,0x001A3BF0,0x001D1BF0,computed-jump,jump-table-or-computed-dispatch,mem[%r24],NONE,UNRESOLVED_RUNTIME_INDEX_OR_TABLE,0x001A3BA4:sub_1A3BA4,JMPL with rd=%g0; table/index contents not statically fixed
SPARC-V8-BE32,5,0x001A3F48,0x001D1F48,computed-jump,jump-table-or-computed-dispatch,mem[%r13],NONE,UNRESOLVED_RUNTIME_INDEX_OR_TABLE,0x001A3F20:sub_1A3F20,JMPL with rd=%g0; table/index contents not statically fixed
SPARC-V8-BE32,5,0x001A42A4,0x001D22A4,computed-jump,jump-table-or-computed-dispatch,mem[%r13],NONE,UNRESOLVED_RUNTIME_INDEX_OR_TABLE,0x001A427C:sub_1A427C,JMPL with rd=%g0; table/index contents not statically fixed
SPARC-V8-BE32,5,0x001A4F10,0x001D2F10,indirect-call,callback-static-registration,mem[0xA8037D84],0x001D27D8,STATIC_TARGET_SET_RECOVERED,0x001A4EF8:sub_1A4EF8,slot 0xA8037D84 matched registration stores
SPARC-V8-BE32,5,0x001A4F3C,0x001D2F3C,indirect-call,callback-static-registration,mem[0xA8037D88],0x001E09EC,STATIC_TARGET_SET_RECOVERED,0x001A4F24:sub_1A4F24,slot 0xA8037D88 matched registration stores
SPARC-V8-BE32,5,0x001A4F68,0x001D2F68,indirect-call,callback-static-registration,mem[0xA8037D8C],0x001D3270,STATIC_TARGET_SET_RECOVERED,0x001A4F50:sub_1A4F50,slot 0xA8037D8C matched registration stores
SPARC-V8-BE32,5,0x001A4F94,0x001D2F94,indirect-call,callback-static-registration,mem[0xA8037D90],0x001CAD98,STATIC_TARGET_SET_RECOVERED,0x001A4F7C:sub_1A4F7C,slot 0xA8037D90 matched registration stores
SPARC-V8-BE32,5,0x001A4FC0,0x001D2FC0,indirect-call,callback-static-registration,mem[0xA8037D94],0x001E053C,STATIC_TARGET_SET_RECOVERED,0x001A4FA8:sub_1A4FA8,slot 0xA8037D94 matched registration stores
SPARC-V8-BE32,5,0x001A4FEC,0x001D2FEC,indirect-call,callback-static-registration,mem[0xA8037D98],0x001E0138,STATIC_TARGET_SET_RECOVERED,0x001A4FD4:sub_1A4FD4,slot 0xA8037D98 matched registration stores
SPARC-V8-BE32,5,0x001A5018,0x001D3018,indirect-call,callback-static-registration,mem[0xA8037D9C],0x001DEA2C,STATIC_TARGET_SET_RECOVERED,0x001A5000:sub_1A5000,slot 0xA8037D9C matched registration stores
SPARC-V8-BE32,5,0x001A5044,0x001D3044,indirect-call,callback-static-registration,mem[0xA8037DA0],0x001D86F0,STATIC_TARGET_SET_RECOVERED,0x001A502C:sub_1A502C,slot 0xA8037DA0 matched registration stores
SPARC-V8-BE32,5,0x001A5070,0x001D3070,indirect-call,runtime-populated-global-function-pointer,mem[0xA8037DA4],NONE,UNRESOLVED_RUNTIME_POPULATED,0x001A5058:sub_1A5058,absolute RAM slot recovered; no static registration matched
SPARC-V8-BE32,5,0x001A509C,0x001D309C,indirect-call,runtime-populated-global-function-pointer,mem[0xA8037DA8],NONE,UNRESOLVED_RUNTIME_POPULATED,0x001A5084:sub_1A5084,absolute RAM slot recovered; no static registration matched
SPARC-V8-BE32,5,0x001A50C8,0x001D30C8,indirect-call,callback-static-registration,mem[0xA8037DAC],0x001E0BF0,STATIC_TARGET_SET_RECOVERED,0x001A50B0:sub_1A50B0,slot 0xA8037DAC matched registration stores
SPARC-V8-BE32,5,0x001A50F4,0x001D30F4,indirect-call,callback-static-registration,mem[0xA8037DB0],0x001BE404,STATIC_TARGET_SET_RECOVERED,0x001A50DC:sub_1A50DC,slot 0xA8037DB0 matched registration stores
SPARC-V8-BE32,5,0x001A5120,0x001D3120,indirect-call,callback-static-registration,mem[0xA8037DB4],0x001DBC6C,STATIC_TARGET_SET_RECOVERED,0x001A5108:sub_1A5108,slot 0xA8037DB4 matched registration stores
SPARC-V8-BE32,5,0x001A514C,0x001D314C,indirect-call,callback-static-registration,mem[0xA8037DB8],0x001D8B98,STATIC_TARGET_SET_RECOVERED,0x001A5134:sub_1A5134,slot 0xA8037DB8 matched registration stores
SPARC-V8-BE32,5,0x001A5178,0x001D3178,indirect-call,callback-static-registration,mem[0xA8037DBC],0x001B6B8C,STATIC_TARGET_SET_RECOVERED,0x001A5160:sub_1A5160,slot 0xA8037DBC matched registration stores
SPARC-V8-BE32,5,0x001A51A4,0x001D31A4,indirect-call,callback-static-registration,mem[0xA8037DC0],0x001D4774,STATIC_TARGET_SET_RECOVERED,0x001A518C:sub_1A518C,slot 0xA8037DC0 matched registration stores
SPARC-V8-BE32,5,0x001A51DC,0x001D31DC,indirect-call,callback-static-registration,mem[0xA8037DC4],0x001D4954,STATIC_TARGET_SET_RECOVERED,0x001A51B8:sub_1A51B8,slot 0xA8037DC4 matched registration stores
SPARC-V8-BE32,5,0x001A5208,0x001D3208,indirect-call,callback-static-registration,mem[0xA8037DC8],0x001D4C1C,STATIC_TARGET_SET_RECOVERED,0x001A51F0:sub_1A51F0,slot 0xA8037DC8 matched registration stores
SPARC-V8-BE32,5,0x001A5238,0x001D3238,indirect-call,callback-static-registration,mem[0xA8037DCC],0x001D4D64,STATIC_TARGET_SET_RECOVERED,0x001A521C:sub_1A521C,slot 0xA8037DCC matched registration stores
SPARC-V8-BE32,5,0x001A526C,0x001D326C,indirect-call,callback-static-registration,mem[0xA8037DD0],0x001D4E48,STATIC_TARGET_SET_RECOVERED,0x001A5254:sub_1A5254,slot 0xA8037DD0 matched registration stores
SPARC-V8-BE32,5,0x001A529C,0x001D329C,indirect-call,runtime-populated-global-function-pointer,mem[0xA8037DD4],NONE,UNRESOLVED_RUNTIME_POPULATED,0x001A5280:sub_1A5280,absolute RAM slot recovered; no static registration matched
SPARC-V8-BE32,5,0x001A52D0,0x001D32D0,indirect-call,callback-static-registration,mem[0xA8037DD8],0x001DD460,STATIC_TARGET_SET_RECOVERED,0x001A52B8:sub_1A52B8,slot 0xA8037DD8 matched registration stores
SPARC-V8-BE32,5,0x001A52FC,0x001D32FC,indirect-call,callback-static-registration,mem[0xA8037DDC],0x001E447C,STATIC_TARGET_SET_RECOVERED,0x001A52E4:sub_1A52E4,slot 0xA8037DDC matched registration stores
SPARC-V8-BE32,5,0x001A532C,0x001D332C,indirect-call,runtime-populated-global-function-pointer,mem[0xA8037DE0],NONE,UNRESOLVED_RUNTIME_POPULATED,0x001A5310:sub_1A5310,absolute RAM slot recovered; no static registration matched
SPARC-V8-BE32,5,0x001A5BA0,0x001D3BA0,indirect-call,callback-static-registration,mem[0xA8037D80],0x0017D794,STATIC_TARGET_SET_RECOVERED,0x001A5AB4:sub_1A5AB4,slot 0xA8037D80 matched registration stores
SPARC-V8-BE32,5,0x001A5DDC,0x001D3DDC,indirect-call,callback-static-registration,mem[0xA8037D98],0x001E0138,STATIC_TARGET_SET_RECOVERED,0x001A5CAC:sub_1A5CAC,slot 0xA8037D98 matched registration stores
SPARC-V8-BE32,5,0x001A5DEC,0x001D3DEC,indirect-call,callback-static-registration,mem[0xA8037D98],0x001E0138,STATIC_TARGET_SET_RECOVERED,0x001A5CAC:sub_1A5CAC,slot 0xA8037D98 matched registration stores
SPARC-V8-BE32,5,0x001AEBF0,0x001DCBF0,computed-jump,jump-table-or-computed-dispatch,mem[%r13],NONE,UNRESOLVED_RUNTIME_INDEX_OR_TABLE,0x001AEB74:sub_1AEB74,JMPL with rd=%g0; table/index contents not statically fixed
SPARC-V8-BE32,5,0x001AEC28,0x001DCC28,computed-jump,jump-table-or-computed-dispatch,mem[%r16],NONE,UNRESOLVED_RUNTIME_INDEX_OR_TABLE,0x001AEB74:sub_1AEB74,JMPL with rd=%g0; table/index contents not statically fixed
SPARC-V8-BE32,5,0x001AF0E0,0x001DD0E0,computed-jump,jump-table-or-computed-dispatch,%r31,NONE,UNRESOLVED_RUNTIME_INDEX_OR_TABLE,0x001AEE04:sub_1AEE04,JMPL with rd=%g0; table/index contents not statically fixed
SPARC-V8-BE32,5,0x001AFDB0,0x001DDDB0,indirect-call,callback-static-registration,mem[0xA803C08C],0x0017B8D4,STATIC_TARGET_SET_RECOVERED,0x001AFD98:sub_1AFD98,slot 0xA803C08C matched registration stores
SPARC-V8-BE32,5,0x001B0684,0x001DE684,indirect-call,callback-static-registration,mem[0xA803C08C],0x0017B8D4,STATIC_TARGET_SET_RECOVERED,0x001B0500:sub_1B0500,slot 0xA803C08C matched registration stores
SPARC-V8-BE32,5,0x001B1120,0x001DF120,indirect-call,function-pointer-register,%r1,NONE,UNRESOLVED_DATAFLOW_OR_RUNTIME,0x001B0F18:sub_1B0F18,indirect call target loaded/computed through register
SPARC-V8-BE32,5,0x001B11FC,0x001DF1FC,indirect-call,callback-static-registration,mem[0xA803C08C],0x0017B8D4,STATIC_TARGET_SET_RECOVERED,0x001B0F18:sub_1B0F18,slot 0xA803C08C matched registration stores
SPARC-V8-BE32,5,0x001B1358,0x001DF358,indirect-call,function-pointer-register,mem[%r12+0x8c],NONE,UNRESOLVED_DATAFLOW_OR_RUNTIME,0x001B0F18:sub_1B0F18,indirect call target loaded/computed through register
SPARC-V8-BE32,5,0x001B2E7C,0x001E0E7C,computed-jump,jump-table-or-computed-dispatch,mem[%r13],NONE,UNRESOLVED_RUNTIME_INDEX_OR_TABLE,0x001B2E40:sub_1B2E40,JMPL with rd=%g0; table/index contents not statically fixed
SPARC-V8-BE32,5,0x001B2E9C,0x001E0E9C,computed-jump,jump-table-or-computed-dispatch,mem[%r11],NONE,UNRESOLVED_RUNTIME_INDEX_OR_TABLE,0x001B2E40:sub_1B2E40,JMPL with rd=%g0; table/index contents not statically fixed
SPARC-V8-BE32,5,0x001B2F54,0x001E0F54,computed-jump,jump-table-or-computed-dispatch,mem[%r13],NONE,UNRESOLVED_RUNTIME_INDEX_OR_TABLE,0x001B2EE8:sub_1B2EE8,JMPL with rd=%g0; table/index contents not statically fixed
SPARC-V8-BE32,5,0x001B2F74,0x001E0F74,computed-jump,jump-table-or-computed-dispatch,mem[%r24],NONE,UNRESOLVED_RUNTIME_INDEX_OR_TABLE,0x001B2EE8:sub_1B2EE8,JMPL with rd=%g0; table/index contents not statically fixed
SPARC-V8-BE32,5,0x001B3544,0x001E1544,computed-jump,jump-table-or-computed-dispatch,mem[%r9],NONE,UNRESOLVED_RUNTIME_INDEX_OR_TABLE,0x001B34F8:sub_1B34F8,JMPL with rd=%g0; table/index contents not statically fixed
SPARC-V8-BE32,5,0x001B3654,0x001E1654,computed-jump,jump-table-or-computed-dispatch,mem[%r1],NONE,UNRESOLVED_RUNTIME_INDEX_OR_TABLE,0x001B3610:sub_1B3610,JMPL with rd=%g0; table/index contents not statically fixed
SPARC-V8-BE32,5,0x001B3A94,0x001E1A94,computed-jump,jump-table-or-computed-dispatch,mem[%r29],NONE,UNRESOLVED_RUNTIME_INDEX_OR_TABLE,0x001B3A4C:sub_1B3A4C,JMPL with rd=%g0; table/index contents not statically fixed
SPARC-V8-BE32,5,0x001B3B34,0x001E1B34,computed-jump,jump-table-or-computed-dispatch,mem[%r29],NONE,UNRESOLVED_RUNTIME_INDEX_OR_TABLE,0x001B3A4C:sub_1B3A4C,JMPL with rd=%g0; table/index contents not statically fixed
SPARC-V8-BE32,5,0x001B3BC8,0x001E1BC8,computed-jump,jump-table-or-computed-dispatch,mem[%r29],NONE,UNRESOLVED_RUNTIME_INDEX_OR_TABLE,0x001B3A4C:sub_1B3A4C,JMPL with rd=%g0; table/index contents not statically fixed
SPARC-V8-BE32,5,0x001B3FF8,0x001E1FF8,computed-jump,jump-table-or-computed-dispatch,mem[%r13],NONE,UNRESOLVED_RUNTIME_INDEX_OR_TABLE,0x001B3FB0:sub_1B3FB0,JMPL with rd=%g0; table/index contents not statically fixed
SPARC-V8-BE32,5,0x001B4608,0x001E2608,computed-jump,jump-table-or-computed-dispatch,mem[%r1],NONE,UNRESOLVED_RUNTIME_INDEX_OR_TABLE,0x001B45A8:sub_1B45A8,JMPL with rd=%g0; table/index contents not statically fixed
SPARC-V8-BE32,5,0x001B5770,0x001E3770,computed-jump,jump-table-or-computed-dispatch,mem[%r9],NONE,UNRESOLVED_RUNTIME_INDEX_OR_TABLE,0x001B572C:sub_1B572C,JMPL with rd=%g0; table/index contents not statically fixed
SPARC-V8-BE32,5,0x001B7780,0x001E5780,computed-jump,jump-table-or-computed-dispatch,mem[%r13],NONE,UNRESOLVED_RUNTIME_INDEX_OR_TABLE,0x001B7760:sub_1B7760,JMPL with rd=%g0; table/index contents not statically fixed
SPARC-V8-BE32,5,0x001B7E8C,0x001E5E8C,computed-jump,jump-table-or-computed-dispatch,mem[%r10],NONE,UNRESOLVED_RUNTIME_INDEX_OR_TABLE,0x001B7E04:sub_1B7E04,JMPL with rd=%g0; table/index contents not statically fixed
SPARC-V8-BE32,5,0x001B8ADC,0x001E6ADC,computed-jump,jump-table-or-computed-dispatch,mem[%r13],NONE,UNRESOLVED_RUNTIME_INDEX_OR_TABLE,UNRESOLVED,JMPL with rd=%g0; table/index contents not statically fixed
SPARC-V8-BE32,5,0x001B94CC,0x001E74CC,computed-jump,jump-table-or-computed-dispatch,mem[%r10],NONE,UNRESOLVED_RUNTIME_INDEX_OR_TABLE,0x001B9490:sub_1B9490,JMPL with rd=%g0; table/index contents not statically fixed
SPARC-V8-BE32,5,0x001B958C,0x001E758C,computed-jump,jump-table-or-computed-dispatch,mem[%r13],NONE,UNRESOLVED_RUNTIME_INDEX_OR_TABLE,0x001B9490:sub_1B9490,JMPL with rd=%g0; table/index contents not statically fixed
SPARC-V8-BE32,5,0x001B96F4,0x001E76F4,computed-jump,jump-table-or-computed-dispatch,mem[%r24],NONE,UNRESOLVED_RUNTIME_INDEX_OR_TABLE,0x001B9490:sub_1B9490,JMPL with rd=%g0; table/index contents not statically fixed
SPARC-V8-BE32,5,0x001BA184,0x001E8184,computed-jump,jump-table-or-computed-dispatch,mem[%r13],NONE,UNRESOLVED_RUNTIME_INDEX_OR_TABLE,0x001B9490:sub_1B9490,JMPL with rd=%g0; table/index contents not statically fixed
SPARC-V8-BE32,5,0x001BA54C,0x001E854C,computed-jump,jump-table-or-computed-dispatch,mem[%r12],NONE,UNRESOLVED_RUNTIME_INDEX_OR_TABLE,0x001BA308:sub_1BA308,JMPL with rd=%g0; table/index contents not statically fixed
SPARC-V8-BE32,5,0x001BBC8C,0x001E9C8C,computed-jump,jump-table-or-computed-dispatch,mem[%r13],NONE,UNRESOLVED_RUNTIME_INDEX_OR_TABLE,UNRESOLVED,JMPL with rd=%g0; table/index contents not statically fixed
SPARC-V8-BE32,5,0x001BBF64,0x001E9F64,computed-jump,jump-table-or-computed-dispatch,mem[%r13],NONE,UNRESOLVED_RUNTIME_INDEX_OR_TABLE,UNRESOLVED,JMPL with rd=%g0; table/index contents not statically fixed
SPARC-V8-BE32,5,0x001BBF9C,0x001E9F9C,computed-jump,jump-table-or-computed-dispatch,mem[%r13],NONE,UNRESOLVED_RUNTIME_INDEX_OR_TABLE,UNRESOLVED,JMPL with rd=%g0; table/index contents not statically fixed
SPARC-V8-BE32,5,0x001BC018,0x001EA018,computed-jump,jump-table-or-computed-dispatch,mem[%r12],NONE,UNRESOLVED_RUNTIME_INDEX_OR_TABLE,0x001BBFB0:sub_1BBFB0,JMPL with rd=%g0; table/index contents not statically fixed
SPARC-V8-BE32,5,0x001BC030,0x001EA030,computed-jump,jump-table-or-computed-dispatch,mem[%r13],NONE,UNRESOLVED_RUNTIME_INDEX_OR_TABLE,0x001BBFB0:sub_1BBFB0,JMPL with rd=%g0; table/index contents not statically fixed
SPARC-V8-BE32,5,0x001BC094,0x001EA094,computed-jump,jump-table-or-computed-dispatch,mem[%r10],NONE,UNRESOLVED_RUNTIME_INDEX_OR_TABLE,0x001BBFB0:sub_1BBFB0,JMPL with rd=%g0; table/index contents not statically fixed
SPARC-V8-BE32,5,0x001BD008,0x001EB008,computed-jump,jump-table-or-computed-dispatch,mem[%r9],NONE,UNRESOLVED_RUNTIME_INDEX_OR_TABLE,0x001BCF54:sub_1BCF54,JMPL with rd=%g0; table/index contents not statically fixed
SPARC-V8-BE32,5,0x001BD2C8,0x001EB2C8,computed-jump,jump-table-or-computed-dispatch,mem[%r11],NONE,UNRESOLVED_RUNTIME_INDEX_OR_TABLE,0x001BD288:sub_1BD288,JMPL with rd=%g0; table/index contents not statically fixed
SPARC-V8-BE32,5,0x001BD9D0,0x001EB9D0,computed-jump,jump-table-or-computed-dispatch,mem[%r13],NONE,UNRESOLVED_RUNTIME_INDEX_OR_TABLE,0x001BD9B0:sub_1BD9B0,JMPL with rd=%g0; table/index contents not statically fixed
SPARC-V8-BE32,5,0x001BDA5C,0x001EBA5C,computed-jump,jump-table-or-computed-dispatch,mem[%r13],NONE,UNRESOLVED_RUNTIME_INDEX_OR_TABLE,0x001BDA34:sub_1BDA34,JMPL with rd=%g0; table/index contents not statically fixed
SPARC-V8-BE32,5,0x001BDF40,0x001EBF40,computed-jump,jump-table-or-computed-dispatch,mem[%r13],NONE,UNRESOLVED_RUNTIME_INDEX_OR_TABLE,0x001BDDC8:sub_1BDDC8,JMPL with rd=%g0; table/index contents not statically fixed
SPARC-V8-BE32,5,0x001BE3B0,0x001EC3B0,computed-jump,jump-table-or-computed-dispatch,mem[%r11],NONE,UNRESOLVED_RUNTIME_INDEX_OR_TABLE,0x001BE370:sub_1BE370,JMPL with rd=%g0; table/index contents not statically fixed
SPARC-V8-BE32,5,0x001BE560,0x001EC560,computed-jump,jump-table-or-computed-dispatch,mem[%r13],NONE,UNRESOLVED_RUNTIME_INDEX_OR_TABLE,UNRESOLVED,JMPL with rd=%g0; table/index contents not statically fixed
SPARC-V8-BE32,5,0x001BE760,0x001EC760,computed-jump,jump-table-or-computed-dispatch,mem[%r13],NONE,UNRESOLVED_RUNTIME_INDEX_OR_TABLE,UNRESOLVED,JMPL with rd=%g0; table/index contents not statically fixed
SPARC-V8-BE32,5,0x001BFFE4,0x001EDFE4,computed-jump,jump-table-or-computed-dispatch,mem[%r13],NONE,UNRESOLVED_RUNTIME_INDEX_OR_TABLE,0x001BFFC0:sub_1BFFC0,JMPL with rd=%g0; table/index contents not statically fixed
SPARC-V8-BE32,5,0x001C0548,0x001EE548,computed-jump,jump-table-or-computed-dispatch,mem[%r13],NONE,UNRESOLVED_RUNTIME_INDEX_OR_TABLE,0x001C0524:sub_1C0524,JMPL with rd=%g0; table/index contents not statically fixed
SPARC-V8-BE32,5,0x001C0658,0x001EE658,computed-jump,jump-table-or-computed-dispatch,mem[%r13],NONE,UNRESOLVED_RUNTIME_INDEX_OR_TABLE,0x001C0630:sub_1C0630,JMPL with rd=%g0; table/index contents not statically fixed
SPARC-V8-BE32,5,0x001C43E4,0x001F23E4,computed-jump,jump-table-or-computed-dispatch,mem[%r27],NONE,UNRESOLVED_RUNTIME_INDEX_OR_TABLE,0x001C4180:sub_1C4180,JMPL with rd=%g0; table/index contents not statically fixed
SPARC-V8-BE32,5,0x001C522C,0x001F322C,computed-jump,jump-table-or-computed-dispatch,mem[%r13],NONE,UNRESOLVED_RUNTIME_INDEX_OR_TABLE,0x001C5100:sub_1C5100,JMPL with rd=%g0; table/index contents not statically fixed
SPARC-V8-BE32,5,0x001C5448,0x001F3448,computed-jump,jump-table-or-computed-dispatch,mem[%r1],NONE,UNRESOLVED_RUNTIME_INDEX_OR_TABLE,UNRESOLVED,JMPL with rd=%g0; table/index contents not statically fixed
SPARC-V8-BE32,5,0x001C572C,0x001F372C,computed-jump,jump-table-or-computed-dispatch,mem[%r16],NONE,UNRESOLVED_RUNTIME_INDEX_OR_TABLE,UNRESOLVED,JMPL with rd=%g0; table/index contents not statically fixed
SPARC-V8-BE32,5,0x001C5A78,0x001F3A78,computed-jump,jump-table-or-computed-dispatch,mem[%r20],NONE,UNRESOLVED_RUNTIME_INDEX_OR_TABLE,UNRESOLVED,JMPL with rd=%g0; table/index contents not statically fixed
SPARC-V8-BE32,5,0x001C5C74,0x001F3C74,computed-jump,jump-table-or-computed-dispatch,mem[%r17],NONE,UNRESOLVED_RUNTIME_INDEX_OR_TABLE,UNRESOLVED,JMPL with rd=%g0; table/index contents not statically fixed
SPARC-V8-BE32,5,0x001C5FE8,0x001F3FE8,computed-jump,jump-table-or-computed-dispatch,mem[%r24],NONE,UNRESOLVED_RUNTIME_INDEX_OR_TABLE,0x001C5DF8:sub_1C5DF8,JMPL with rd=%g0; table/index contents not statically fixed
SPARC-V8-BE32,5,0x001C63AC,0x001F43AC,computed-jump,jump-table-or-computed-dispatch,mem[%r13],NONE,UNRESOLVED_RUNTIME_INDEX_OR_TABLE,0x001C61BC:sub_1C61BC,JMPL with rd=%g0; table/index contents not statically fixed
SPARC-V8-BE32,5,0x001C6580,0x001F4580,computed-jump,jump-table-or-computed-dispatch,mem[%r13],NONE,UNRESOLVED_RUNTIME_INDEX_OR_TABLE,0x001C6554:sub_1C6554,JMPL with rd=%g0; table/index contents not statically fixed
SPARC-V8-BE32,5,0x001C8A58,0x001F6A58,computed-jump,jump-table-or-computed-dispatch,mem[%r13],NONE,UNRESOLVED_RUNTIME_INDEX_OR_TABLE,0x001C89F0:sub_1C89F0,JMPL with rd=%g0; table/index contents not statically fixed
SPARC-V8-BE32,5,0x001C9228,0x001F7228,computed-jump,jump-table-or-computed-dispatch,mem[%r13],NONE,UNRESOLVED_RUNTIME_INDEX_OR_TABLE,UNRESOLVED,JMPL with rd=%g0; table/index contents not statically fixed
SPARC-V8-BE32,5,0x001C926C,0x001F726C,computed-jump,jump-table-or-computed-dispatch,mem[%r13],NONE,UNRESOLVED_RUNTIME_INDEX_OR_TABLE,0x001C9244:sub_1C9244,JMPL with rd=%g0; table/index contents not statically fixed
SPARC-V8-BE32,5,0x001C932C,0x001F732C,computed-jump,jump-table-or-computed-dispatch,mem[%r13],NONE,UNRESOLVED_RUNTIME_INDEX_OR_TABLE,0x001C9244:sub_1C9244,JMPL with rd=%g0; table/index contents not statically fixed
SPARC-V8-BE32,5,0x001CBBDC,0x001F9BDC,computed-jump,jump-table-or-computed-dispatch,mem[%r13],NONE,UNRESOLVED_RUNTIME_INDEX_OR_TABLE,0x001CBBA4:sub_1CBBA4,JMPL with rd=%g0; table/index contents not statically fixed
SPARC-V8-BE32,5,0x001D25D0,0x002005D0,computed-jump,jump-table-or-computed-dispatch,mem[%r17],NONE,UNRESOLVED_RUNTIME_INDEX_OR_TABLE,0x001D24B8:sub_1D24B8,JMPL with rd=%g0; table/index contents not statically fixed
SPARC-V8-BE32,5,0x001D35CC,0x002015CC,computed-jump,jump-table-or-computed-dispatch,mem[%r17],NONE,UNRESOLVED_RUNTIME_INDEX_OR_TABLE,0x001D3420:sub_1D3420,JMPL with rd=%g0; table/index contents not statically fixed
SPARC-V8-BE32,5,0x001D45BC,0x002025BC,computed-jump,jump-table-or-computed-dispatch,mem[%r24],NONE,UNRESOLVED_RUNTIME_INDEX_OR_TABLE,0x001D42E8:sub_1D42E8,JMPL with rd=%g0; table/index contents not statically fixed
SPARC-V8-BE32,5,0x001D4D68,0x00202D68,computed-jump,jump-table-or-computed-dispatch,mem[%r13],NONE,UNRESOLVED_RUNTIME_INDEX_OR_TABLE,0x001D4D4C:sub_1D4D4C,JMPL with rd=%g0; table/index contents not statically fixed
SPARC-V8-BE32,5,0x001D547C,0x0020347C,computed-jump,jump-table-or-computed-dispatch,mem[%r13],NONE,UNRESOLVED_RUNTIME_INDEX_OR_TABLE,0x001D5450:sub_1D5450,JMPL with rd=%g0; table/index contents not statically fixed
SPARC-V8-BE32,5,0x001D6AD4,0x00204AD4,computed-jump,jump-table-or-computed-dispatch,mem[%r13],NONE,UNRESOLVED_RUNTIME_INDEX_OR_TABLE,0x001D6A34:sub_1D6A34,JMPL with rd=%g0; table/index contents not statically fixed
SPARC-V8-BE32,5,0x001D7030,0x00205030,indirect-call,function-pointer-register,mem[%r1],NONE,UNRESOLVED_DATAFLOW_OR_RUNTIME,0x001D6FE8:sub_1D6FE8,indirect call target loaded/computed through register
SPARC-V8-BE32,5,0x001DC918,0x0020A918,computed-jump,jump-table-or-computed-dispatch,mem[%r17],NONE,UNRESOLVED_RUNTIME_INDEX_OR_TABLE,0x001DC8E8:sub_1DC8E8,JMPL with rd=%g0; table/index contents not statically fixed
SPARC-V8-BE32,5,0x001DCA08,0x0020AA08,computed-jump,jump-table-or-computed-dispatch,mem[%r13],NONE,UNRESOLVED_RUNTIME_INDEX_OR_TABLE,0x001DC8E8:sub_1DC8E8,JMPL with rd=%g0; table/index contents not statically fixed
SPARC-V8-BE32,5,0x001DCA34,0x0020AA34,computed-jump,jump-table-or-computed-dispatch,mem[%r16],NONE,UNRESOLVED_RUNTIME_INDEX_OR_TABLE,0x001DC8E8:sub_1DC8E8,JMPL with rd=%g0; table/index contents not statically fixed
SPARC-V8-BE32,5,0x001DCA60,0x0020AA60,computed-jump,jump-table-or-computed-dispatch,mem[%r10],NONE,UNRESOLVED_RUNTIME_INDEX_OR_TABLE,0x001DC8E8:sub_1DC8E8,JMPL with rd=%g0; table/index contents not statically fixed
SPARC-V8-BE32,5,0x001DD180,0x0020B180,computed-jump,jump-table-or-computed-dispatch,mem[%r17],NONE,UNRESOLVED_RUNTIME_INDEX_OR_TABLE,0x001DD140:sub_1DD140,JMPL with rd=%g0; table/index contents not statically fixed
SPARC-V8-BE32,5,0x001DD404,0x0020B404,computed-jump,jump-table-or-computed-dispatch,mem[%r12],NONE,UNRESOLVED_RUNTIME_INDEX_OR_TABLE,0x001DD140:sub_1DD140,JMPL with rd=%g0; table/index contents not statically fixed
SPARC-V8-BE32,5,0x001DE0F4,0x0020C0F4,computed-jump,jump-table-or-computed-dispatch,mem[%r19],NONE,UNRESOLVED_RUNTIME_INDEX_OR_TABLE,0x001DD140:sub_1DD140,JMPL with rd=%g0; table/index contents not statically fixed
SPARC-V8-BE32,5,0x001DE120,0x0020C120,computed-jump,jump-table-or-computed-dispatch,mem[%r12],NONE,UNRESOLVED_RUNTIME_INDEX_OR_TABLE,0x001DD140:sub_1DD140,JMPL with rd=%g0; table/index contents not statically fixed
SPARC-V8-BE32,5,0x001DE14C,0x0020C14C,computed-jump,jump-table-or-computed-dispatch,mem[%r9],NONE,UNRESOLVED_RUNTIME_INDEX_OR_TABLE,0x001DD140:sub_1DD140,JMPL with rd=%g0; table/index contents not statically fixed
SPARC-V8-BE32,5,0x001E4198,0x00212198,computed-jump,jump-table-or-computed-dispatch,mem[%r15],NONE,UNRESOLVED_RUNTIME_INDEX_OR_TABLE,0x001E415C:sub_1E415C,JMPL with rd=%g0; table/index contents not statically fixed
SPARC-V8-BE32,5,0x001E47B0,0x002127B0,computed-jump,jump-table-or-computed-dispatch,mem[%r13],NONE,UNRESOLVED_RUNTIME_INDEX_OR_TABLE,0x001E46A4:sub_1E46A4,JMPL with rd=%g0; table/index contents not statically fixed
SPARC-V8-BE32,5,0x001E4E18,0x00212E18,computed-jump,jump-table-or-computed-dispatch,mem[%r9],NONE,UNRESOLVED_RUNTIME_INDEX_OR_TABLE,UNRESOLVED,JMPL with rd=%g0; table/index contents not statically fixed
SPARC-V8-BE32,5,0x001E4EAC,0x00212EAC,computed-jump,jump-table-or-computed-dispatch,mem[%r1],NONE,UNRESOLVED_RUNTIME_INDEX_OR_TABLE,0x001E4E68:sub_1E4E68,JMPL with rd=%g0; table/index contents not statically fixed
SPARC-V8-BE32,5,0x001E503C,0x0021303C,computed-jump,jump-table-or-computed-dispatch,mem[%r29],NONE,UNRESOLVED_RUNTIME_INDEX_OR_TABLE,UNRESOLVED,JMPL with rd=%g0; table/index contents not statically fixed
SPARC-V8-BE32,5,0x001E50A0,0x002130A0,computed-jump,jump-table-or-computed-dispatch,mem[%r27],NONE,UNRESOLVED_RUNTIME_INDEX_OR_TABLE,UNRESOLVED,JMPL with rd=%g0; table/index contents not statically fixed
SPARC-V8-BE32,5,0x001E8148,0x00216148,computed-jump,jump-table-or-computed-dispatch,mem[%r13],NONE,UNRESOLVED_RUNTIME_INDEX_OR_TABLE,0x001E7FB8:sub_1E7FB8,JMPL with rd=%g0; table/index contents not statically fixed
SPARC-V8-BE32,5,0x001EA800,0x00218800,computed-jump,jump-table-or-computed-dispatch,mem[%r13],NONE,UNRESOLVED_RUNTIME_INDEX_OR_TABLE,0x001EA590:sub_1EA590,JMPL with rd=%g0; table/index contents not statically fixed
SPARC-V8-BE32,5,0x001EB8E0,0x002198E0,indirect-call,function-pointer-register,mem[%r24+0x24],NONE,UNRESOLVED_DATAFLOW_OR_RUNTIME,0x001EB858:sub_1EB858,indirect call target loaded/computed through register
SPARC-V8-BE32,5,0x001EC138,0x0021A138,indirect-call,function-pointer-register,mem[%r24+0x24],NONE,UNRESOLVED_DATAFLOW_OR_RUNTIME,0x001EC09C:sub_1EC09C,indirect call target loaded/computed through register
SPARC-V8-BE32,5,0x001EC220,0x0021A220,indirect-call,function-pointer-register,mem[%r24+0x24],NONE,UNRESOLVED_DATAFLOW_OR_RUNTIME,0x001EC09C:sub_1EC09C,indirect call target loaded/computed through register
SPARC-V8-BE32,5,0x001EC3BC,0x0021A3BC,indirect-call,function-pointer-register,mem[%r24+0x24],NONE,UNRESOLVED_DATAFLOW_OR_RUNTIME,0x001EC09C:sub_1EC09C,indirect call target loaded/computed through register
SPARC-V8-BE32,5,0x001EC53C,0x0021A53C,indirect-call,function-pointer-register,%r25,NONE,UNRESOLVED_DATAFLOW_OR_RUNTIME,0x001EC4D4:sub_1EC4D4,indirect call target loaded/computed through register
SPARC-V8-BE32,5,0x001EC61C,0x0021A61C,indirect-call,function-pointer-register,%r25,NONE,UNRESOLVED_DATAFLOW_OR_RUNTIME,0x001EC5B0:sub_1EC5B0,indirect call target loaded/computed through register
SPARC-V8-BE32,5,0x001EE91C,0x0021C91C,indirect-call,function-pointer-register,%r1,NONE,UNRESOLVED_DATAFLOW_OR_RUNTIME,0x001EE7E0:sub_1EE7E0,indirect call target loaded/computed through register
SPARC-V8-BE32,5,0x001EEFAC,0x0021CFAC,indirect-call,runtime-populated-global-function-pointer,mem[0xA8037EF4],NONE,UNRESOLVED_RUNTIME_POPULATED,0x001EEF8C:sub_1EEF8C,absolute RAM slot recovered; no static registration matched
SPARC-V8-BE32,5,0x001EEFDC,0x0021CFDC,indirect-call,runtime-populated-global-function-pointer,mem[0xA8037EF0],NONE,UNRESOLVED_RUNTIME_POPULATED,0x001EEFC0:sub_1EEFC0,absolute RAM slot recovered; no static registration matched
SPARC-V8-BE32,5,0x001EF00C,0x0021D00C,indirect-call,runtime-populated-global-function-pointer,mem[0xA8037EE8],NONE,UNRESOLVED_RUNTIME_POPULATED,0x001EEFF0:sub_1EEFF0,absolute RAM slot recovered; no static registration matched
SPARC-V8-BE32,5,0x001EF03C,0x0021D03C,indirect-call,runtime-populated-global-function-pointer,mem[0xA8037EEC],NONE,UNRESOLVED_RUNTIME_POPULATED,0x001EF020:sub_1EF020,absolute RAM slot recovered; no static registration matched
SPARC-V8-BE32,5,0x001EF06C,0x0021D06C,indirect-call,runtime-populated-global-function-pointer,mem[0xA8037EE4],NONE,UNRESOLVED_RUNTIME_POPULATED,0x001EF050:sub_1EF050,absolute RAM slot recovered; no static registration matched
SPARC-V8-BE32,5,0x001EF09C,0x0021D09C,indirect-call,runtime-populated-global-function-pointer,mem[0xA8037EE0],NONE,UNRESOLVED_RUNTIME_POPULATED,0x001EF080:sub_1EF080,absolute RAM slot recovered; no static registration matched
SPARC-V8-BE32,5,0x001EF0CC,0x0021D0CC,indirect-call,runtime-populated-global-function-pointer,mem[0xA8037EDC],NONE,UNRESOLVED_RUNTIME_POPULATED,0x001EF0B0:sub_1EF0B0,absolute RAM slot recovered; no static registration matched
SPARC-V8-BE32,5,0x001EF100,0x0021D100,indirect-call,runtime-populated-global-function-pointer,mem[0xA8037ED8],NONE,UNRESOLVED_RUNTIME_POPULATED,0x001EF0E0:sub_1EF0E0,absolute RAM slot recovered; no static registration matched
