address,file_offset,rd,rs1,immediate,displacement,kind,target_source,ida_function
0x00100564,0x0012E564,0,17,False,0,computed-jump,mem[%r28],0x001002CC:sub_1002CC
0x001015B0,0x0012F5B0,0,12,False,0,computed-jump,mem[%r25],0x00101538:sub_101538
0x0010559C,0x0013359C,15,13,False,0,indirect-call,mem[%r11],0x00105500:sub_105500
0x00105674,0x00133674,15,13,False,0,indirect-call,mem[%r10],0x00105500:sub_105500
0x00107A64,0x00135A64,0,12,False,0,computed-jump,mem[%r13],0x001079AC:sub_1079AC
0x00108D18,0x00136D18,0,11,False,0,computed-jump,mem[%r13],0x00108B94:sub_108B94
0x00108FD0,0x00136FD0,0,12,False,0,computed-jump,mem[%r13],0x00108DD0:sub_108DD0
0x00114040,0x00142040,0,12,False,0,computed-jump,mem[%r13],0x00114004:sub_114004
0x00114420,0x00142420,0,12,False,0,computed-jump,mem[%r13],0x001143F0:sub_1143F0
0x00114668,0x00142668,0,16,False,0,computed-jump,mem[%r8],0x00114530:sub_114530
0x0011498C,0x0014298C,0,12,False,0,computed-jump,mem[%r11],0x00114904:sub_114904
0x001151A4,0x001431A4,0,12,False,0,computed-jump,mem[%r13],0x00114DF8:sub_114DF8
0x00115D5C,0x00143D5C,0,12,False,0,computed-jump,mem[%r13],0x00115D30:sub_115D30
0x00115EE0,0x00143EE0,0,12,False,0,computed-jump,mem[%r13],0x00115E54:sub_115E54
0x00115F2C,0x00143F2C,0,8,False,0,computed-jump,mem[%r15],0x00115E54:sub_115E54
0x001165C8,0x001445C8,0,29,False,0,computed-jump,mem[%r13],0x00116498:sub_116498
0x00116684,0x00144684,0,12,False,0,computed-jump,mem[%r13],0x00116498:sub_116498
0x00118B18,0x00146B18,0,12,False,0,computed-jump,mem[%r13],
0x0011BAE4,0x00149AE4,0,24,False,0,computed-jump,mem[%r29],0x0011BA10:sub_11BA10
0x0011DA34,0x0014BA34,0,12,False,0,computed-jump,mem[%r13],
0x0011DE20,0x0014BE20,0,12,False,0,computed-jump,mem[%r13],0x0011DE08:sub_11DE08
0x0011E640,0x0014C640,0,16,False,0,computed-jump,mem[%r25],0x0011E5B4:sub_11E5B4
0x0011FF4C,0x0014DF4C,0,12,False,0,computed-jump,mem[%r18],0x0011F9B0:sub_11F9B0
0x00121084,0x0014F084,0,12,False,0,computed-jump,mem[%r13],0x00121050:sub_121050
0x001210E8,0x0014F0E8,0,12,False,0,computed-jump,mem[%r13],0x001210B4:sub_1210B4
0x001212BC,0x0014F2BC,0,12,False,0,computed-jump,mem[%r13],0x00121288:sub_121288
0x00122730,0x00150730,0,12,False,0,computed-jump,mem[%r13],
0x00122888,0x00150888,0,12,False,0,computed-jump,mem[%r13],
0x00122A44,0x00150A44,0,12,False,0,computed-jump,mem[%r13],0x001229F8:sub_1229F8
0x00122F28,0x00150F28,0,12,False,0,computed-jump,mem[%r13],0x00122F08:sub_122F08
0x00123030,0x00151030,0,12,False,0,computed-jump,mem[%r13],0x00123010:sub_123010
0x001231BC,0x001511BC,0,12,False,0,computed-jump,mem[%r13],0x0012319C:sub_12319C
0x0012347C,0x0015147C,0,12,False,0,computed-jump,mem[%r13],0x0012345C:sub_12345C
0x00123AE4,0x00151AE4,0,12,False,0,computed-jump,mem[%r13],0x00123AC4:sub_123AC4
0x00124364,0x00152364,0,12,False,0,computed-jump,mem[%r13],0x00124344:sub_124344
0x00124640,0x00152640,0,12,False,0,computed-jump,mem[%r15],0x00124600:sub_124600
0x0012519C,0x0015319C,0,12,False,0,computed-jump,mem[%r13],0x0012517C:sub_12517C
0x00125AEC,0x00153AEC,15,18,False,0,indirect-call,mem[%r18+0x20],0x0012579C:sub_12579C
0x00126334,0x00154334,0,12,False,0,computed-jump,mem[%r13],0x00126314:sub_126314
0x00126430,0x00154430,0,12,False,0,computed-jump,mem[%r13],
0x00126604,0x00154604,0,12,False,0,computed-jump,mem[%r13],0x001265E8:sub_1265E8
0x00126774,0x00154774,0,12,False,0,computed-jump,mem[%r13],0x00126754:sub_126754
0x001268D4,0x001548D4,0,12,False,0,computed-jump,mem[%r13],
0x00126A48,0x00154A48,0,12,False,0,computed-jump,mem[%r13],0x00126A2C:sub_126A2C
0x00126C94,0x00154C94,0,12,False,0,computed-jump,mem[%r13],0x00126C74:sub_126C74
0x00127130,0x00155130,0,12,False,0,computed-jump,mem[%r13],0x00127110:sub_127110
0x00127C40,0x00155C40,0,12,False,0,computed-jump,mem[%r13],0x00127C1C:sub_127C1C
0x0012ADE8,0x00158DE8,0,12,False,0,computed-jump,mem[%r9],
0x0012AEA0,0x00158EA0,0,9,False,0,computed-jump,mem[%r13],
0x0012AF30,0x00158F30,0,12,False,0,computed-jump,mem[%r13],
0x0012AFC0,0x00158FC0,0,12,False,0,computed-jump,mem[%r13],
0x00130660,0x0015E660,0,12,False,0,computed-jump,mem[%r13],0x0013059C:sub_13059C
0x001321EC,0x001601EC,0,12,False,0,computed-jump,mem[%r10],0x00132148:sub_132148
0x001331B4,0x001611B4,0,12,False,0,computed-jump,mem[%r13],0x00133198:sub_133198
0x001355A4,0x001635A4,0,12,False,0,computed-jump,mem[%r9],0x00135484:sub_135484
0x00135768,0x00163768,0,12,False,0,computed-jump,mem[%r13],0x00135730:sub_135730
0x00135820,0x00163820,0,12,False,0,computed-jump,mem[%r13],0x001357E0:sub_1357E0
0x00136998,0x00164998,0,12,False,0,computed-jump,mem[%r13],
0x00136CC4,0x00164CC4,0,12,False,0,computed-jump,mem[%r13],
0x00138D2C,0x00166D2C,0,12,False,0,computed-jump,mem[%r13],0x00138CF8:sub_138CF8
0x0013A03C,0x0016803C,0,12,False,0,computed-jump,mem[%r13],
0x0013FFB0,0x0016DFB0,0,12,False,0,computed-jump,mem[%r13],0x0013FF88:sub_13FF88
0x00140448,0x0016E448,0,10,False,0,computed-jump,mem[%r11],
0x00140550,0x0016E550,0,22,False,0,computed-jump,mem[%r23],
0x00140674,0x0016E674,0,8,False,0,computed-jump,mem[%r13],
0x00140778,0x0016E778,0,22,False,0,computed-jump,mem[%r23],
0x00142FC4,0x00170FC4,0,24,False,0,computed-jump,mem[%r28],0x00142F84:sub_142F84
0x00143978,0x00171978,0,12,False,0,computed-jump,mem[%r13],0x00143830:sub_143830
0x00146B50,0x00174B50,0,28,False,0,computed-jump,mem[%r1],0x001469FC:sub_1469FC
0x00146BAC,0x00174BAC,0,25,False,0,computed-jump,mem[%r28],0x001469FC:sub_1469FC
0x00146BC4,0x00174BC4,0,26,False,0,computed-jump,mem[%r28],0x001469FC:sub_1469FC
0x00146FF4,0x00174FF4,0,12,False,0,computed-jump,mem[%r13],0x00146FD8:sub_146FD8
0x00147298,0x00175298,0,12,False,0,computed-jump,mem[%r13],0x00147264:sub_147264
0x001473B8,0x001753B8,0,12,False,0,computed-jump,mem[%r13],0x00147398:sub_147398
0x001474B0,0x001754B0,0,28,False,0,computed-jump,mem[%r24],0x00147470:sub_147470
0x001475F8,0x001755F8,0,12,False,0,computed-jump,mem[%r13],0x001475D8:sub_1475D8
0x001476A8,0x001756A8,0,12,False,0,computed-jump,mem[%r13],0x00147688:sub_147688
0x0014773C,0x0017573C,0,12,False,0,computed-jump,mem[%r13],0x00147718:sub_147718
0x00147B8C,0x00175B8C,0,8,False,0,computed-jump,mem[%r13],0x00147B60:sub_147B60
0x00147BCC,0x00175BCC,0,12,False,0,computed-jump,mem[%r13],0x00147B60:sub_147B60
0x0014D43C,0x0017B43C,0,12,False,0,computed-jump,mem[%r13],0x0014D3A0:sub_14D3A0
0x0014D884,0x0017B884,0,12,False,0,computed-jump,mem[%r11],0x0014D81C:sub_14D81C
0x0014DF24,0x0017BF24,0,12,False,0,computed-jump,mem[%r10],0x0014DEB8:sub_14DEB8
0x00153890,0x00181890,0,12,False,0,computed-jump,mem[%r13],0x00153868:sub_153868
0x00154290,0x00182290,15,1,False,0,indirect-call,%r1,0x00154154:sub_154154
0x00155A60,0x00183A60,15,1,False,0,indirect-call,%r1,0x001555E8:sub_1555E8
0x00155ADC,0x00183ADC,0,12,False,0,computed-jump,mem[%r13],
0x00155B60,0x00183B60,0,12,False,0,computed-jump,mem[%r13],0x00155B38:sub_155B38
0x00155C90,0x00183C90,0,25,False,0,computed-jump,mem[%r8],0x00155B38:sub_155B38
0x001561AC,0x001841AC,0,12,False,0,computed-jump,mem[%r13],0x00156184:sub_156184
0x00157C28,0x00185C28,15,1,False,0,indirect-call,mem[%r16+0x64],0x0015713C:sub_15713C
0x0015C26C,0x0018A26C,15,12,False,0,indirect-call,mem[0xA803A5D0],0x0015C1D8:sub_15C1D8
0x0015C3D0,0x0018A3D0,15,27,False,0,indirect-call,mem[0xA803A5D8],0x0015C300:sub_15C300
0x0015C740,0x0018A740,15,12,False,0,indirect-call,mem[%r8+0x1d0],0x0015C300:sub_15C300
0x0015C778,0x0018A778,15,10,False,0,indirect-call,mem[0xA803A5D8],0x0015C300:sub_15C300
0x0015CAC0,0x0018AAC0,15,12,False,0,indirect-call,mem[%r13+0x4],0x0015C9D0:sub_15C9D0
0x0015D034,0x0018B034,0,12,False,0,computed-jump,mem[%r13],
0x0015D154,0x0018B154,0,8,False,0,computed-jump,mem[%r13],0x0015D0EC:sub_15D0EC
0x0015D1E8,0x0018B1E8,0,17,False,0,computed-jump,mem[%r12],0x0015D0EC:sub_15D0EC
0x0015E300,0x0018C300,0,12,False,0,computed-jump,mem[%r13],0x0015E1AC:sub_15E1AC
0x0015EC08,0x0018CC08,0,17,False,0,computed-jump,mem[%r13],0x0015EB44:sub_15EB44
0x001628A8,0x001908A8,0,31,True,12,computed-jump,%r31,0x001627DC:sub_1627DC
0x00164A54,0x00192A54,15,17,False,0,indirect-call,mem[%r15+0x18],
0x001656F0,0x001936F0,15,1,False,0,indirect-call,%r1,0x00165634:sub_165634
0x00165708,0x00193708,15,1,False,0,indirect-call,mem[%r25+0x24],0x00165634:sub_165634
0x00165ABC,0x00193ABC,15,1,False,0,indirect-call,%r1,0x0016576C:sub_16576C
0x00165AD8,0x00193AD8,15,1,False,0,indirect-call,mem[%r8+0x24],0x0016576C:sub_16576C
0x001662C4,0x001942C4,0,10,False,0,computed-jump,mem[%r15],0x00166208:sub_166208
0x001666D8,0x001946D8,0,18,False,0,computed-jump,mem[%r13],0x00166208:sub_166208
0x00166E54,0x00194E54,15,1,False,0,indirect-call,mem[%r22],0x00166208:sub_166208
0x00166E8C,0x00194E8C,15,12,False,0,indirect-call,mem[%r8+0x40],0x00166208:sub_166208
0x001674BC,0x001954BC,15,1,False,0,indirect-call,%r1,0x00166208:sub_166208
0x001674CC,0x001954CC,15,1,False,0,indirect-call,%r1,0x00166208:sub_166208
0x001697B0,0x001977B0,0,12,False,0,computed-jump,mem[%r13],0x0016978C:sub_16978C
0x0016B59C,0x0019959C,0,12,False,0,computed-jump,mem[%r13],0x0016B580:sub_16B580
0x0016B768,0x00199768,0,12,False,0,computed-jump,mem[%r13],
0x0016BAC0,0x00199AC0,0,12,False,0,computed-jump,mem[%r24],0x0016B9D8:sub_16B9D8
0x0016BAE4,0x00199AE4,0,9,False,0,computed-jump,mem[%r13],0x0016B9D8:sub_16B9D8
0x0016BC6C,0x00199C6C,0,8,False,0,computed-jump,mem[%r10],0x0016BBE8:sub_16BBE8
0x0016C85C,0x0019A85C,0,9,False,0,computed-jump,mem[%r13],0x0016C7CC:sub_16C7CC
0x0016CFDC,0x0019AFDC,0,12,False,0,computed-jump,mem[%r9],0x0016CF78:sub_16CF78
0x0016D244,0x0019B244,0,12,False,0,computed-jump,mem[%r13],0x0016D228:sub_16D228
0x0016D41C,0x0019B41C,0,12,False,0,computed-jump,mem[%r13],0x0016D400:sub_16D400
0x0016D96C,0x0019B96C,0,12,False,0,computed-jump,mem[%r13],
0x0016DA10,0x0019BA10,0,12,False,0,computed-jump,mem[%r13],
0x0016DEAC,0x0019BEAC,0,12,False,0,computed-jump,mem[%r13],0x0016DE90:sub_16DE90
0x0016E2B4,0x0019C2B4,0,12,False,0,computed-jump,mem[%r13],0x0016E198:sub_16E198
0x0016E490,0x0019C490,0,12,False,0,computed-jump,mem[%r13],0x0016E468:sub_16E468
0x0016E54C,0x0019C54C,0,12,False,0,computed-jump,mem[%r13],0x0016E524:sub_16E524
0x0016E5F8,0x0019C5F8,0,12,False,0,computed-jump,mem[%r13],
0x0016E84C,0x0019C84C,0,12,False,0,computed-jump,mem[%r13],0x0016E828:sub_16E828
0x0016ED38,0x0019CD38,0,11,False,0,computed-jump,mem[%r16],0x0016ECA0:sub_16ECA0
0x0016ED84,0x0019CD84,0,25,False,0,computed-jump,mem[%r8],0x0016ECA0:sub_16ECA0
0x0016F2D0,0x0019D2D0,0,12,False,0,computed-jump,mem[%r11],0x0016F264:sub_16F264
0x0016F5A8,0x0019D5A8,0,12,False,0,computed-jump,mem[%r13],0x0016F564:sub_16F564
0x0017014C,0x0019E14C,0,12,False,0,computed-jump,mem[%r13],0x00170120:sub_170120
0x00170684,0x0019E684,0,12,False,0,computed-jump,mem[%r13],0x00170664:sub_170664
0x0017268C,0x001A068C,0,28,False,0,computed-jump,mem[%r29],0x00172660:sub_172660
0x00172CC8,0x001A0CC8,0,12,False,0,computed-jump,mem[%r13],0x00172CB0:sub_172CB0
0x001761A0,0x001A41A0,0,12,False,0,computed-jump,mem[%r9],
0x00176DD4,0x001A4DD4,0,12,False,0,computed-jump,mem[%r13],0x00176DA8:sub_176DA8
0x001770E0,0x001A50E0,0,9,False,0,computed-jump,mem[%r15],
0x00177734,0x001A5734,15,1,False,0,indirect-call,%r1,
0x00177B78,0x001A5B78,0,12,False,0,computed-jump,mem[%r10],0x00177AF8:sub_177AF8
0x001786E0,0x001A66E0,15,1,False,0,indirect-call,mem[0xA8037874],
0x001799D8,0x001A79D8,0,24,False,0,computed-jump,mem[%r16],0x001798C8:sub_1798C8
0x0017C788,0x001AA788,0,19,False,0,computed-jump,mem[%r21],0x0017C4A4:sub_17C4A4
0x0017E160,0x001AC160,0,12,False,0,computed-jump,mem[%r13],
0x0017E40C,0x001AC40C,0,12,False,0,computed-jump,mem[%r13],0x0017E17C:sub_17E17C
0x0017F1B0,0x001AD1B0,0,11,False,0,computed-jump,mem[%r8],0x0017F130:sub_17F130
0x0017F630,0x001AD630,0,12,False,0,computed-jump,mem[%r9],0x0017F604:sub_17F604
0x0017F960,0x001AD960,0,12,False,0,computed-jump,mem[%r9],0x0017F934:sub_17F934
0x00180CF8,0x001AECF8,0,31,True,12,computed-jump,%r31,0x00180C1C:sub_180C1C
0x00181594,0x001AF594,0,31,True,12,computed-jump,%r31,0x00180D00:sub_180D00
0x00181620,0x001AF620,0,31,True,12,computed-jump,%r31,0x0018159C:sub_18159C
0x001844BC,0x001B24BC,15,1,False,0,indirect-call,mem[0xA8037C4C],0x001844A4:sub_1844A4
0x00185034,0x001B3034,0,12,False,0,computed-jump,mem[%r13],
0x00185078,0x001B3078,15,1,False,0,indirect-call,mem[0xA8037CA4],0x00185060:sub_185060
0x00185660,0x001B3660,0,12,False,0,computed-jump,mem[%r9],0x00185610:sub_185610
0x00185E00,0x001B3E00,0,12,False,0,computed-jump,mem[%r13],0x00185DDC:sub_185DDC
0x00186AC0,0x001B4AC0,0,10,False,0,computed-jump,mem[%r9],0x001869BC:sub_1869BC
0x00186C38,0x001B4C38,15,1,False,0,indirect-call,%r1,0x001869BC:sub_1869BC
0x00186FA0,0x001B4FA0,0,12,False,0,computed-jump,mem[%r10],0x00186F4C:sub_186F4C
0x00187848,0x001B5848,0,12,False,0,computed-jump,mem[%r13],0x00187820:sub_187820
0x001878E8,0x001B58E8,0,12,False,0,computed-jump,mem[%r13],
0x001882F8,0x001B62F8,0,9,False,0,computed-jump,mem[%r16],0x001882AC:sub_1882AC
0x00188B8C,0x001B6B8C,0,12,False,0,computed-jump,mem[%r26],0x001882AC:sub_1882AC
0x00189660,0x001B7660,0,24,False,0,computed-jump,mem[%r26],0x001882AC:sub_1882AC
0x0018B394,0x001B9394,0,12,False,0,computed-jump,mem[%r13],0x0018B36C:sub_18B36C
0x0018B4BC,0x001B94BC,0,12,False,0,computed-jump,mem[%r13],0x0018B494:sub_18B494
0x0018B81C,0x001B981C,15,1,False,0,indirect-call,mem[0xA803C08C],0x0018B65C:sub_18B65C
0x0018C058,0x001BA058,0,12,False,0,computed-jump,mem[%r13],0x0018C03C:sub_18C03C
0x0018C184,0x001BA184,0,12,False,0,computed-jump,mem[%r13],0x0018C168:sub_18C168
0x0018CFC0,0x001BAFC0,0,12,False,0,computed-jump,mem[%r13],0x0018CF9C:sub_18CF9C
0x0018D690,0x001BB690,0,12,False,0,computed-jump,mem[%r13],0x0018D650:sub_18D650
0x0018FB1C,0x001BDB1C,0,12,False,0,computed-jump,mem[%r13],0x0018FAD8:sub_18FAD8
0x00191B80,0x001BFB80,15,1,False,0,indirect-call,mem[%r9+0x10],0x00191A50:sub_191A50
0x00191C24,0x001BFC24,15,1,False,0,indirect-call,mem[%r8+0x10],0x00191B94:sub_191B94
0x00191C6C,0x001BFC6C,15,1,False,0,indirect-call,mem[%r1+0x10],0x00191C38:sub_191C38
0x00191CEC,0x001BFCEC,15,1,False,0,indirect-call,mem[%r16+0x10],0x00191C80:sub_191C80
0x00191DC4,0x001BFDC4,15,10,False,0,indirect-call,mem[0xA8034FA4],0x00191C80:sub_191C80
0x00192008,0x001C0008,15,1,False,0,indirect-call,mem[%r8+0x10],0x00191ED4:sub_191ED4
0x001920F4,0x001C00F4,15,10,False,0,indirect-call,mem[0xA8034FF4],0x00191ED4:sub_191ED4
0x00192268,0x001C0268,15,1,False,0,indirect-call,mem[%r16+0x10],0x00192188:sub_192188
0x00192430,0x001C0430,15,1,False,0,indirect-call,mem[%r8+0x10],0x0019232C:sub_19232C
0x001926C0,0x001C06C0,0,12,False,0,computed-jump,mem[%r13],0x00192698:sub_192698
0x0019275C,0x001C075C,15,1,False,0,indirect-call,mem[%r9+0x10],0x00192698:sub_192698
0x00192AFC,0x001C0AFC,0,12,False,0,computed-jump,mem[%r13],0x00192AD8:sub_192AD8
0x00192B98,0x001C0B98,15,1,False,0,indirect-call,mem[%r16+0x10],0x00192AD8:sub_192AD8
0x00192CD4,0x001C0CD4,15,10,False,0,indirect-call,mem[0xA8035008],0x00192AD8:sub_192AD8
0x00192DF4,0x001C0DF4,0,12,False,0,computed-jump,mem[%r13],0x00192D10:sub_192D10
0x00192E88,0x001C0E88,15,1,False,0,indirect-call,mem[%r15+0x10],0x00192D10:sub_192D10
0x00192EBC,0x001C0EBC,15,10,False,0,indirect-call,mem[0xA8035030],0x00192D10:sub_192D10
0x001938BC,0x001C18BC,15,1,False,0,indirect-call,mem[%r11+0x10],0x00193114:sub_193114
0x001939E8,0x001C19E8,15,1,False,0,indirect-call,mem[%r11+0x10],0x001938E0:sub_1938E0
0x00193CE0,0x001C1CE0,15,1,False,0,indirect-call,mem[%r24+0x10],0x00193AA8:sub_193AA8
0x0019400C,0x001C200C,15,1,False,0,indirect-call,mem[%r9+0x10],0x00193D80:sub_193D80
0x00194044,0x001C2044,15,11,False,0,indirect-call,mem[%r9+0xd8],0x00193D80:sub_193D80
0x00194158,0x001C2158,0,12,False,0,computed-jump,mem[%r13],0x0019405C:sub_19405C
0x001941EC,0x001C21EC,15,1,False,0,indirect-call,mem[%r10+0x10],0x0019405C:sub_19405C
0x00194220,0x001C2220,15,10,False,0,indirect-call,mem[0xA80350E4],0x0019405C:sub_19405C
0x00194510,0x001C2510,15,1,False,0,indirect-call,mem[%r9+0x10],
0x00194A70,0x001C2A70,0,12,False,0,computed-jump,mem[%r13],0x00194838:sub_194838
0x00194B24,0x001C2B24,15,1,False,0,indirect-call,mem[%r11+0x10],0x00194838:sub_194838
0x00194F58,0x001C2F58,0,12,False,0,computed-jump,mem[%r13],
0x00195008,0x001C3008,15,1,False,0,indirect-call,mem[%r12+0x10],
0x00195694,0x001C3694,15,1,False,0,indirect-call,mem[%r9+0x10],
0x00195B90,0x001C3B90,15,1,False,0,indirect-call,mem[%r9+0x10],0x00195A84:sub_195A84
0x00195E94,0x001C3E94,0,12,False,0,computed-jump,mem[%r13],0x00195C20:sub_195C20
0x00195F40,0x001C3F40,15,1,False,0,indirect-call,mem[%r24+0x10],0x00195C20:sub_195C20
0x001963D4,0x001C43D4,15,1,False,0,indirect-call,mem[%r9+0x10],
0x001965DC,0x001C45DC,15,1,False,0,indirect-call,mem[%r1+0x10],0x00196464:sub_196464
0x00196654,0x001C4654,0,12,False,0,computed-jump,mem[%r13],0x00196464:sub_196464
0x0019683C,0x001C483C,15,1,False,0,indirect-call,mem[%r11+0x10],0x00196734:sub_196734
0x001969A0,0x001C49A0,15,1,False,0,indirect-call,mem[%r1+0x10],0x0019696C:sub_19696C
0x00196A38,0x001C4A38,15,1,False,0,indirect-call,mem[%r9+0x10],
0x00196ADC,0x001C4ADC,15,1,False,0,indirect-call,mem[%r8+0x10],0x00196A4C:sub_196A4C
0x001971A4,0x001C51A4,15,10,False,0,indirect-call,%r10,0x001970A8:sub_1970A8
0x00197768,0x001C5768,15,11,False,0,indirect-call,mem[%r24+0x10],0x00197324:sub_197324
0x00197BF8,0x001C5BF8,0,12,False,0,computed-jump,mem[%r13],0x00197BD4:sub_197BD4
0x00197CA4,0x001C5CA4,15,1,False,0,indirect-call,mem[%r24+0x10],0x00197BD4:sub_197BD4
0x00197EB8,0x001C5EB8,0,12,False,0,computed-jump,mem[%r13],0x00197E94:sub_197E94
0x00197F6C,0x001C5F6C,15,1,False,0,indirect-call,mem[%r16+0x10],
0x001981EC,0x001C61EC,0,12,False,0,computed-jump,mem[%r13],0x001981C8:sub_1981C8
0x001982BC,0x001C62BC,15,1,False,0,indirect-call,mem[%r16+0x10],
0x00198D5C,0x001C6D5C,0,12,False,0,computed-jump,mem[%r13],
0x00198E14,0x001C6E14,15,1,False,0,indirect-call,mem[%r9+0x10],
0x00199958,0x001C7958,15,1,False,0,indirect-call,mem[%r8+0x10],
0x00199A00,0x001C7A00,0,12,False,0,computed-jump,mem[%r11],
0x00199BB8,0x001C7BB8,15,1,False,0,indirect-call,mem[%r10+0x10],
0x0019A128,0x001C8128,15,1,False,0,indirect-call,mem[%r24+0x10],0x00199F7C:sub_199F7C
0x0019A738,0x001C8738,0,12,False,0,computed-jump,mem[%r13],0x0019A710:sub_19A710
0x0019A800,0x001C8800,15,1,False,0,indirect-call,mem[%r17+0x10],
0x0019AEE8,0x001C8EE8,0,12,False,0,computed-jump,mem[%r13],0x0019AEBC:sub_19AEBC
0x0019AF1C,0x001C8F1C,15,11,False,0,indirect-call,mem[%r9+0x2e0],
0x0019AFA8,0x001C8FA8,15,1,False,0,indirect-call,mem[%r10+0x10],
0x0019B640,0x001C9640,15,1,False,0,indirect-call,mem[%r16+0x10],0x0019B4F8:sub_19B4F8
0x0019B87C,0x001C987C,15,1,False,0,indirect-call,%r1,0x0019B668:sub_19B668
0x0019B9EC,0x001C99EC,15,1,False,0,indirect-call,mem[%r16+0x10],0x0019B8A4:sub_19B8A4
0x0019BA38,0x001C9A38,0,12,False,0,computed-jump,mem[%r13],0x0019BA14:sub_19BA14
0x0019BAF0,0x001C9AF0,15,1,False,0,indirect-call,mem[%r24+0x10],
0x0019C2C8,0x001CA2C8,0,12,False,0,computed-jump,mem[%r13],0x0019C2A4:sub_19C2A4
0x0019C3A0,0x001CA3A0,15,1,False,0,indirect-call,mem[%r21+0x10],
0x0019CB00,0x001CAB00,15,1,False,0,indirect-call,mem[%r16+0x10],
0x0019CB0C,0x001CAB0C,15,12,False,0,indirect-call,%r12,
0x0019D464,0x001CB464,15,1,False,0,indirect-call,mem[%r24+0x10],0x0019D388:sub_19D388
0x0019D470,0x001CB470,15,12,False,0,indirect-call,%r12,0x0019D388:sub_19D388
0x0019D7B0,0x001CB7B0,0,12,False,0,computed-jump,mem[%r13],0x0019D78C:sub_19D78C
0x0019D84C,0x001CB84C,15,1,False,0,indirect-call,mem[%r12+0x10],0x0019D78C:sub_19D78C
0x0019DD48,0x001CBD48,15,20,False,0,indirect-call,mem[%r21+0xc],0x0019DAB4:sub_19DAB4
0x0019DDD4,0x001CBDD4,15,22,False,0,indirect-call,mem[%r23+0xc],0x0019DAB4:sub_19DAB4
0x0019E27C,0x001CC27C,0,15,False,0,computed-jump,mem[%r9],0x0019E18C:sub_19E18C
0x0019FB1C,0x001CDB1C,0,12,False,0,computed-jump,mem[%r13],0x0019FAF8:sub_19FAF8
0x001A0DC4,0x001CEDC4,0,12,False,0,computed-jump,mem[%r15],0x001A0D90:sub_1A0D90
0x001A2590,0x001D0590,0,12,False,0,computed-jump,mem[%r13],0x001A2568:sub_1A2568
0x001A2AF4,0x001D0AF4,0,10,False,0,computed-jump,mem[%r15],
0x001A2DC4,0x001D0DC4,0,17,False,0,computed-jump,mem[%r19],
0x001A3144,0x001D1144,0,13,False,0,computed-jump,mem[%r1],0x001A310C:sub_1A310C
0x001A3420,0x001D1420,0,12,False,0,computed-jump,mem[%r10],0x001A33D8:sub_1A33D8
0x001A3BF0,0x001D1BF0,0,12,False,0,computed-jump,mem[%r24],0x001A3BA4:sub_1A3BA4
0x001A3F48,0x001D1F48,0,12,False,0,computed-jump,mem[%r13],0x001A3F20:sub_1A3F20
0x001A42A4,0x001D22A4,0,12,False,0,computed-jump,mem[%r13],0x001A427C:sub_1A427C
0x001A4F10,0x001D2F10,15,1,False,0,indirect-call,mem[0xA8037D84],0x001A4EF8:sub_1A4EF8
0x001A4F3C,0x001D2F3C,15,1,False,0,indirect-call,mem[0xA8037D88],0x001A4F24:sub_1A4F24
0x001A4F68,0x001D2F68,15,1,False,0,indirect-call,mem[0xA8037D8C],0x001A4F50:sub_1A4F50
0x001A4F94,0x001D2F94,15,1,False,0,indirect-call,mem[0xA8037D90],0x001A4F7C:sub_1A4F7C
0x001A4FC0,0x001D2FC0,15,1,False,0,indirect-call,mem[0xA8037D94],0x001A4FA8:sub_1A4FA8
0x001A4FEC,0x001D2FEC,15,1,False,0,indirect-call,mem[0xA8037D98],0x001A4FD4:sub_1A4FD4
0x001A5018,0x001D3018,15,1,False,0,indirect-call,mem[0xA8037D9C],0x001A5000:sub_1A5000
0x001A5044,0x001D3044,15,1,False,0,indirect-call,mem[0xA8037DA0],0x001A502C:sub_1A502C
0x001A5070,0x001D3070,15,1,False,0,indirect-call,mem[0xA8037DA4],0x001A5058:sub_1A5058
0x001A509C,0x001D309C,15,1,False,0,indirect-call,mem[0xA8037DA8],0x001A5084:sub_1A5084
0x001A50C8,0x001D30C8,15,1,False,0,indirect-call,mem[0xA8037DAC],0x001A50B0:sub_1A50B0
0x001A50F4,0x001D30F4,15,1,False,0,indirect-call,mem[0xA8037DB0],0x001A50DC:sub_1A50DC
0x001A5120,0x001D3120,15,1,False,0,indirect-call,mem[0xA8037DB4],0x001A5108:sub_1A5108
0x001A514C,0x001D314C,15,1,False,0,indirect-call,mem[0xA8037DB8],0x001A5134:sub_1A5134
0x001A5178,0x001D3178,15,1,False,0,indirect-call,mem[0xA8037DBC],0x001A5160:sub_1A5160
0x001A51A4,0x001D31A4,15,1,False,0,indirect-call,mem[0xA8037DC0],0x001A518C:sub_1A518C
0x001A51DC,0x001D31DC,15,1,False,0,indirect-call,mem[0xA8037DC4],0x001A51B8:sub_1A51B8
0x001A5208,0x001D3208,15,1,False,0,indirect-call,mem[0xA8037DC8],0x001A51F0:sub_1A51F0
0x001A5238,0x001D3238,15,1,False,0,indirect-call,mem[0xA8037DCC],0x001A521C:sub_1A521C
0x001A526C,0x001D326C,15,1,False,0,indirect-call,mem[0xA8037DD0],0x001A5254:sub_1A5254
0x001A529C,0x001D329C,15,1,False,0,indirect-call,mem[0xA8037DD4],0x001A5280:sub_1A5280
0x001A52D0,0x001D32D0,15,1,False,0,indirect-call,mem[0xA8037DD8],0x001A52B8:sub_1A52B8
0x001A52FC,0x001D32FC,15,1,False,0,indirect-call,mem[0xA8037DDC],0x001A52E4:sub_1A52E4
0x001A532C,0x001D332C,15,1,False,0,indirect-call,mem[0xA8037DE0],0x001A5310:sub_1A5310
0x001A5BA0,0x001D3BA0,15,1,False,0,indirect-call,mem[0xA8037D80],0x001A5AB4:sub_1A5AB4
0x001A5DDC,0x001D3DDC,15,1,False,0,indirect-call,mem[0xA8037D98],0x001A5CAC:sub_1A5CAC
0x001A5DEC,0x001D3DEC,15,1,False,0,indirect-call,mem[0xA8037D98],0x001A5CAC:sub_1A5CAC
0x001AEBF0,0x001DCBF0,0,12,False,0,computed-jump,mem[%r13],0x001AEB74:sub_1AEB74
0x001AEC28,0x001DCC28,0,11,False,0,computed-jump,mem[%r16],0x001AEB74:sub_1AEB74
0x001AF0E0,0x001DD0E0,0,31,True,12,computed-jump,%r31,0x001AEE04:sub_1AEE04
0x001AFDB0,0x001DDDB0,15,1,False,0,indirect-call,mem[0xA803C08C],0x001AFD98:sub_1AFD98
0x001B0684,0x001DE684,15,1,False,0,indirect-call,mem[0xA803C08C],0x001B0500:sub_1B0500
0x001B1120,0x001DF120,15,1,False,0,indirect-call,%r1,0x001B0F18:sub_1B0F18
0x001B11FC,0x001DF1FC,15,1,False,0,indirect-call,mem[0xA803C08C],0x001B0F18:sub_1B0F18
0x001B1358,0x001DF358,15,1,False,0,indirect-call,mem[%r12+0x8c],0x001B0F18:sub_1B0F18
0x001B2E7C,0x001E0E7C,0,12,False,0,computed-jump,mem[%r13],0x001B2E40:sub_1B2E40
0x001B2E9C,0x001E0E9C,0,9,False,0,computed-jump,mem[%r11],0x001B2E40:sub_1B2E40
0x001B2F54,0x001E0F54,0,12,False,0,computed-jump,mem[%r13],0x001B2EE8:sub_1B2EE8
0x001B2F74,0x001E0F74,0,11,False,0,computed-jump,mem[%r24],0x001B2EE8:sub_1B2EE8
0x001B3544,0x001E1544,0,8,False,0,computed-jump,mem[%r9],0x001B34F8:sub_1B34F8
0x001B3654,0x001E1654,0,24,False,0,computed-jump,mem[%r1],0x001B3610:sub_1B3610
0x001B3A94,0x001E1A94,0,25,False,0,computed-jump,mem[%r29],0x001B3A4C:sub_1B3A4C
0x001B3B34,0x001E1B34,0,26,False,0,computed-jump,mem[%r29],0x001B3A4C:sub_1B3A4C
0x001B3BC8,0x001E1BC8,0,26,False,0,computed-jump,mem[%r29],0x001B3A4C:sub_1B3A4C
0x001B3FF8,0x001E1FF8,0,8,False,0,computed-jump,mem[%r13],0x001B3FB0:sub_1B3FB0
0x001B4608,0x001E2608,0,15,False,0,computed-jump,mem[%r1],0x001B45A8:sub_1B45A8
0x001B5770,0x001E3770,0,8,False,0,computed-jump,mem[%r9],0x001B572C:sub_1B572C
0x001B7780,0x001E5780,0,12,False,0,computed-jump,mem[%r13],0x001B7760:sub_1B7760
0x001B7E8C,0x001E5E8C,0,24,False,0,computed-jump,mem[%r10],0x001B7E04:sub_1B7E04
0x001B8ADC,0x001E6ADC,0,12,False,0,computed-jump,mem[%r13],
0x001B94CC,0x001E74CC,0,12,False,0,computed-jump,mem[%r10],0x001B9490:sub_1B9490
0x001B958C,0x001E758C,0,8,False,0,computed-jump,mem[%r13],0x001B9490:sub_1B9490
0x001B96F4,0x001E76F4,0,26,False,0,computed-jump,mem[%r24],0x001B9490:sub_1B9490
0x001BA184,0x001E8184,0,25,False,0,computed-jump,mem[%r13],0x001B9490:sub_1B9490
0x001BA54C,0x001E854C,0,11,False,0,computed-jump,mem[%r12],0x001BA308:sub_1BA308
0x001BBC8C,0x001E9C8C,0,12,False,0,computed-jump,mem[%r13],
0x001BBF64,0x001E9F64,0,12,False,0,computed-jump,mem[%r13],
0x001BBF9C,0x001E9F9C,0,12,False,0,computed-jump,mem[%r13],
0x001BC018,0x001EA018,0,24,False,0,computed-jump,mem[%r12],0x001BBFB0:sub_1BBFB0
0x001BC030,0x001EA030,0,12,False,0,computed-jump,mem[%r13],0x001BBFB0:sub_1BBFB0
0x001BC094,0x001EA094,0,11,False,0,computed-jump,mem[%r10],0x001BBFB0:sub_1BBFB0
0x001BD008,0x001EB008,0,20,False,0,computed-jump,mem[%r9],0x001BCF54:sub_1BCF54
0x001BD2C8,0x001EB2C8,0,12,False,0,computed-jump,mem[%r11],0x001BD288:sub_1BD288
0x001BD9D0,0x001EB9D0,0,12,False,0,computed-jump,mem[%r13],0x001BD9B0:sub_1BD9B0
0x001BDA5C,0x001EBA5C,0,12,False,0,computed-jump,mem[%r13],0x001BDA34:sub_1BDA34
0x001BDF40,0x001EBF40,0,10,False,0,computed-jump,mem[%r13],0x001BDDC8:sub_1BDDC8
0x001BE3B0,0x001EC3B0,0,12,False,0,computed-jump,mem[%r11],0x001BE370:sub_1BE370
0x001BE560,0x001EC560,0,12,False,0,computed-jump,mem[%r13],
0x001BE760,0x001EC760,0,12,False,0,computed-jump,mem[%r13],
0x001BFFE4,0x001EDFE4,0,12,False,0,computed-jump,mem[%r13],0x001BFFC0:sub_1BFFC0
0x001C0548,0x001EE548,0,12,False,0,computed-jump,mem[%r13],0x001C0524:sub_1C0524
0x001C0658,0x001EE658,0,12,False,0,computed-jump,mem[%r13],0x001C0630:sub_1C0630
0x001C43E4,0x001F23E4,0,24,False,0,computed-jump,mem[%r27],0x001C4180:sub_1C4180
0x001C522C,0x001F322C,0,16,False,0,computed-jump,mem[%r13],0x001C5100:sub_1C5100
0x001C5448,0x001F3448,0,11,False,0,computed-jump,mem[%r1],
0x001C572C,0x001F372C,0,11,False,0,computed-jump,mem[%r16],
0x001C5A78,0x001F3A78,0,10,False,0,computed-jump,mem[%r20],
0x001C5C74,0x001F3C74,0,18,False,0,computed-jump,mem[%r17],
0x001C5FE8,0x001F3FE8,0,15,False,0,computed-jump,mem[%r24],0x001C5DF8:sub_1C5DF8
0x001C63AC,0x001F43AC,0,17,False,0,computed-jump,mem[%r13],0x001C61BC:sub_1C61BC
0x001C6580,0x001F4580,0,12,False,0,computed-jump,mem[%r13],0x001C6554:sub_1C6554
0x001C8A58,0x001F6A58,0,12,False,0,computed-jump,mem[%r13],0x001C89F0:sub_1C89F0
0x001C9228,0x001F7228,0,12,False,0,computed-jump,mem[%r13],
0x001C926C,0x001F726C,0,12,False,0,computed-jump,mem[%r13],0x001C9244:sub_1C9244
0x001C932C,0x001F732C,0,12,False,0,computed-jump,mem[%r13],0x001C9244:sub_1C9244
0x001CBBDC,0x001F9BDC,0,12,False,0,computed-jump,mem[%r13],0x001CBBA4:sub_1CBBA4
0x001D25D0,0x002005D0,0,15,False,0,computed-jump,mem[%r17],0x001D24B8:sub_1D24B8
0x001D35CC,0x002015CC,0,19,False,0,computed-jump,mem[%r17],0x001D3420:sub_1D3420
0x001D45BC,0x002025BC,0,19,False,0,computed-jump,mem[%r24],0x001D42E8:sub_1D42E8
0x001D4D68,0x00202D68,0,12,False,0,computed-jump,mem[%r13],0x001D4D4C:sub_1D4D4C
0x001D547C,0x0020347C,0,12,False,0,computed-jump,mem[%r13],0x001D5450:sub_1D5450
0x001D6AD4,0x00204AD4,0,12,False,0,computed-jump,mem[%r13],0x001D6A34:sub_1D6A34
0x001D7030,0x00205030,15,1,False,0,indirect-call,mem[%r1],0x001D6FE8:sub_1D6FE8
0x001DC918,0x0020A918,0,9,False,0,computed-jump,mem[%r17],0x001DC8E8:sub_1DC8E8
0x001DCA08,0x0020AA08,0,24,False,0,computed-jump,mem[%r13],0x001DC8E8:sub_1DC8E8
0x001DCA34,0x0020AA34,0,8,False,0,computed-jump,mem[%r16],0x001DC8E8:sub_1DC8E8
0x001DCA60,0x0020AA60,0,11,False,0,computed-jump,mem[%r10],0x001DC8E8:sub_1DC8E8
0x001DD180,0x0020B180,0,9,False,0,computed-jump,mem[%r17],0x001DD140:sub_1DD140
0x001DD404,0x0020B404,0,19,False,0,computed-jump,mem[%r12],0x001DD140:sub_1DD140
0x001DE0F4,0x0020C0F4,0,8,False,0,computed-jump,mem[%r19],0x001DD140:sub_1DD140
0x001DE120,0x0020C120,0,11,False,0,computed-jump,mem[%r12],0x001DD140:sub_1DD140
0x001DE14C,0x0020C14C,0,16,False,0,computed-jump,mem[%r9],0x001DD140:sub_1DD140
0x001E4198,0x00212198,0,12,False,0,computed-jump,mem[%r15],0x001E415C:sub_1E415C
0x001E47B0,0x002127B0,0,12,False,0,computed-jump,mem[%r13],0x001E46A4:sub_1E46A4
0x001E4E18,0x00212E18,0,8,False,0,computed-jump,mem[%r9],
0x001E4EAC,0x00212EAC,0,24,False,0,computed-jump,mem[%r1],0x001E4E68:sub_1E4E68
0x001E503C,0x0021303C,0,27,False,0,computed-jump,mem[%r29],
0x001E50A0,0x002130A0,0,26,False,0,computed-jump,mem[%r27],
0x001E8148,0x00216148,0,12,False,0,computed-jump,mem[%r13],0x001E7FB8:sub_1E7FB8
0x001EA800,0x00218800,0,12,False,0,computed-jump,mem[%r13],0x001EA590:sub_1EA590
0x001EB8E0,0x002198E0,15,1,False,0,indirect-call,mem[%r24+0x24],0x001EB858:sub_1EB858
0x001EC138,0x0021A138,15,1,False,0,indirect-call,mem[%r24+0x24],0x001EC09C:sub_1EC09C
0x001EC220,0x0021A220,15,1,False,0,indirect-call,mem[%r24+0x24],0x001EC09C:sub_1EC09C
0x001EC3BC,0x0021A3BC,15,1,False,0,indirect-call,mem[%r24+0x24],0x001EC09C:sub_1EC09C
0x001EC53C,0x0021A53C,15,25,False,0,indirect-call,%r25,0x001EC4D4:sub_1EC4D4
0x001EC61C,0x0021A61C,15,25,False,0,indirect-call,%r25,0x001EC5B0:sub_1EC5B0
0x001EE91C,0x0021C91C,15,1,False,0,indirect-call,%r1,0x001EE7E0:sub_1EE7E0
0x001EEFAC,0x0021CFAC,15,1,False,0,indirect-call,mem[0xA8037EF4],0x001EEF8C:sub_1EEF8C
0x001EEFDC,0x0021CFDC,15,1,False,0,indirect-call,mem[0xA8037EF0],0x001EEFC0:sub_1EEFC0
0x001EF00C,0x0021D00C,15,1,False,0,indirect-call,mem[0xA8037EE8],0x001EEFF0:sub_1EEFF0
0x001EF03C,0x0021D03C,15,1,False,0,indirect-call,mem[0xA8037EEC],0x001EF020:sub_1EF020
0x001EF06C,0x0021D06C,15,1,False,0,indirect-call,mem[0xA8037EE4],0x001EF050:sub_1EF050
0x001EF09C,0x0021D09C,15,1,False,0,indirect-call,mem[0xA8037EE0],0x001EF080:sub_1EF080
0x001EF0CC,0x0021D0CC,15,1,False,0,indirect-call,mem[0xA8037EDC],0x001EF0B0:sub_1EF0B0
0x001EF100,0x0021D100,15,1,False,0,indirect-call,mem[0xA8037ED8],0x001EF0E0:sub_1EF0E0
